{
  "TimeCreated": "20210118T095227",
  "Name": "Artifact.Upgrade1",
  "Events": [
    {
      "Timestamp": 767,
      "KeyName": "Shift",
      "EventType": "KeyDown"
    },
    {
      "Timestamp": 1198,
      "KeyName": "9",
      "EventType": "KeyDown"
    },
    {
      "Timestamp": 1410,
      "KeyName": "9",
      "EventType": "KeyUp"
    },
    {
      "Timestamp": 1816,
      "KeyName": "Shift",
      "EventType": "KeyUp"
    },
    {
      "Timestamp": 4217,
      "KeyName": "J",
      "EventType": "KeyDown"
    },
    {
      "Timestamp": 4372,
      "KeyName": "J",
      "EventType": "KeyUp"
    }
  ],
  "LoopType": "TillLoopNumber",
  "LoopNumber": 1,
  "LoopTime": 0,
  "LoopInterval": 0,
  "Acceleration": 1,
  "PlayOnStart": false,
  "DonotShowWindowOnFinish": false,
  "RestartPlayer": false,
  "RestartPlayerAfterMinutes": 60,
  "ShortCut": "",
  "UserName": "",
  "MacroId": ""
}