{
  "TimeCreated": "20210124T002607",
  "Name": "Bastion.Clan",
  "Events": [
    {
      "Timestamp": 3063,
      "KeyName": "J",
      "EventType": "KeyDown"
    },
    {
      "Timestamp": 3217,
      "KeyName": "J",
      "EventType": "KeyUp"
    }
  ],
  "LoopType": "TillLoopNumber",
  "LoopNumber": 1,
  "LoopTime": 0,
  "LoopInterval": 0,
  "Acceleration": 1,
  "PlayOnStart": false,
  "DonotShowWindowOnFinish": false,
  "RestartPlayer": false,
  "RestartPlayerAfterMinutes": 60,
  "ShortCut": "",
  "UserName": "",
  "MacroId": ""
}