{
  "TimeCreated": "20210124T002607",
  "Name": "Bastion.Market",
  "Events": [
    {
      "Timestamp": 1911,
      "KeyName": "L",
      "EventType": "KeyDown"
    },
    {
      "Timestamp": 2077,
      "KeyName": "L",
      "EventType": "KeyUp"
    }
  ],
  "LoopType": "TillLoopNumber",
  "LoopNumber": 1,
  "LoopTime": 0,
  "LoopInterval": 0,
  "Acceleration": 1,
  "PlayOnStart": false,
  "DonotShowWindowOnFinish": false,
  "RestartPlayer": false,
  "RestartPlayerAfterMinutes": 60,
  "ShortCut": "",
  "UserName": "",
  "MacroId": ""
}