{
  "TimeCreated": "20210124T002607",
  "Name": "Battles.Dungeon",
  "Events": [
    {
      "Timestamp": 1009,
      "KeyName": "Oem3",
      "EventType": "KeyDown"
    },
    {
      "Timestamp": 1148,
      "KeyName": "Oem3",
      "EventType": "KeyUp"
    }
  ],
  "LoopType": "TillLoopNumber",
  "LoopNumber": 1,
  "LoopTime": 0,
  "LoopInterval": 0,
  "Acceleration": 1,
  "PlayOnStart": false,
  "DonotShowWindowOnFinish": false,
  "RestartPlayer": false,
  "RestartPlayerAfterMinutes": 60,
  "ShortCut": "",
  "UserName": "",
  "MacroId": ""
}