{
  "TimeCreated": "20210124T002607",
  "Name": "Campaign.Map.Narbuk",
  "Events": [
    {
      "Timestamp": 605,
      "KeyName": "Alt",
      "EventType": "KeyDown"
    },
    {
      "Timestamp": 1097,
      "KeyName": "Alt",
      "EventType": "KeyDown"
    },
    {
      "Timestamp": 1128,
      "KeyName": "Alt",
      "EventType": "KeyDown"
    },
    {
      "Timestamp": 1156,
      "KeyName": "Alt",
      "EventType": "KeyDown"
    },
    {
      "Timestamp": 1186,
      "KeyName": "Alt",
      "EventType": "KeyDown"
    },
    {
      "Timestamp": 1217,
      "KeyName": "Alt",
      "EventType": "KeyDown"
    },
    {
      "Timestamp": 1246,
      "KeyName": "Alt",
      "EventType": "KeyDown"
    },
    {
      "Timestamp": 1280,
      "KeyName": "Alt",
      "EventType": "KeyDown"
    },
    {
      "Timestamp": 1306,
      "KeyName": "Alt",
      "EventType": "KeyDown"
    },
    {
      "Timestamp": 1336,
      "KeyName": "Alt",
      "EventType": "KeyDown"
    },
    {
      "Timestamp": 1366,
      "KeyName": "Alt",
      "EventType": "KeyDown"
    },
    {
      "Timestamp": 1398,
      "KeyName": "Alt",
      "EventType": "KeyDown"
    },
    {
      "Timestamp": 1421,
      "KeyName": "3",
      "EventType": "KeyDown"
    },
    {
      "Timestamp": 1649,
      "KeyName": "3",
      "EventType": "KeyUp"
    },
    {
      "Timestamp": 1984,
      "KeyName": "Alt",
      "EventType": "KeyUp"
    }
  ],
  "LoopType": "TillLoopNumber",
  "LoopNumber": 1,
  "LoopTime": 0,
  "LoopInterval": 0,
  "Acceleration": 1,
  "PlayOnStart": false,
  "DonotShowWindowOnFinish": false,
  "RestartPlayer": false,
  "RestartPlayerAfterMinutes": 60,
  "ShortCut": "",
  "UserName": "",
  "MacroId": ""
}