{
  "TimeCreated": "20210124T002607",
  "Name": "Fight.Setup.Filter.Level",
  "Events": [
    {
      "Timestamp": 584,
      "KeyName": "Ctrl",
      "EventType": "KeyDown"
    },
    {
      "Timestamp": 990,
      "KeyName": "Oem3",
      "EventType": "KeyDown"
    },
    {
      "Timestamp": 1266,
      "KeyName": "Oem3",
      "EventType": "KeyUp"
    },
    {
      "Timestamp": 1307,
      "KeyName": "Ctrl",
      "EventType": "KeyUp"
    },
    {
      "Timestamp": 2449,
      "KeyName": "Shift",
      "EventType": "KeyDown"
    },
    {
      "Timestamp": 2470,
      "KeyName": "5",
      "EventType": "KeyDown"
    },
    {
      "Timestamp": 2637,
      "KeyName": "5",
      "EventType": "KeyUp"
    },
    {
      "Timestamp": 3156,
      "KeyName": "Shift",
      "EventType": "KeyUp"
    }
  ],
  "LoopType": "TillLoopNumber",
  "LoopNumber": 1,
  "LoopTime": 0,
  "LoopInterval": 0,
  "Acceleration": 1,
  "PlayOnStart": false,
  "DonotShowWindowOnFinish": false,
  "RestartPlayer": false,
  "RestartPlayerAfterMinutes": 60,
  "ShortCut": "",
  "UserName": "",
  "MacroId": ""
}