{
  "TimeCreated": "20210124T002607",
  "Name": "Fight.Setup.Filter.Vault",
  "Events": [
    {
      "Timestamp": 833,
      "KeyName": "Ctrl",
      "EventType": "KeyDown"
    },
    {
      "Timestamp": 1332,
      "KeyName": "Ctrl",
      "EventType": "KeyDown"
    },
    {
      "Timestamp": 1367,
      "KeyName": "Ctrl",
      "EventType": "KeyDown"
    },
    {
      "Timestamp": 1399,
      "KeyName": "Ctrl",
      "EventType": "KeyDown"
    },
    {
      "Timestamp": 1403,
      "KeyName": "Oem3",
      "EventType": "KeyDown"
    },
    {
      "Timestamp": 1614,
      "KeyName": "Oem3",
      "EventType": "KeyUp"
    },
    {
      "Timestamp": 3422,
      "KeyName": "Ctrl",
      "EventType": "KeyUp"
    },
    {
      "Timestamp": 3866,
      "KeyName": "Shift",
      "EventType": "KeyDown"
    },
    {
      "Timestamp": 3982,
      "KeyName": "1",
      "EventType": "KeyDown"
    },
    {
      "Timestamp": 4252,
      "KeyName": "1",
      "EventType": "KeyUp"
    },
    {
      "Timestamp": 4253,
      "KeyName": "Shift",
      "EventType": "KeyUp"
    }
  ],
  "LoopType": "TillLoopNumber",
  "LoopNumber": 1,
  "LoopTime": 0,
  "LoopInterval": 0,
  "Acceleration": 1,
  "PlayOnStart": false,
  "DonotShowWindowOnFinish": false,
  "RestartPlayer": false,
  "RestartPlayerAfterMinutes": 60,
  "ShortCut": "",
  "UserName": "",
  "MacroId": ""
}