{
  "TimeCreated": "20210124T003716",
  "Name": "Action.Clan.Checkin",
  "MergedMacroConfigurations": [
    {
      "MacrosToRun": [
        "GoTo.Bastion"
      ],
      "LoopCount": 1,
      "LoopInterval": 0,
      "DelayNextScript": 30,
      "Acceleration": 1
    },
    {
      "MacrosToRun": [
        "Bastion.Clan"
      ],
      "LoopCount": 1,
      "LoopInterval": 0,
      "DelayNextScript": 3,
      "Acceleration": 1
    },
    {
      "MacrosToRun": [
        "Clan.Checkin"
      ],
      "LoopCount": 1,
      "LoopInterval": 0,
      "DelayNextScript": 0,
      "Acceleration": 1
    }
  ],
  "LoopType": "TillLoopNumber",
  "LoopNumber": 1,
  "LoopTime": 0,
  "LoopInterval": 0,
  "Acceleration": 1,
  "PlayOnStart": false,
  "DonotShowWindowOnFinish": false,
  "RestartPlayer": false,
  "RestartPlayerAfterMinutes": 60,
  "ShortCut": "",
  "UserName": "",
  "MacroId": ""
}