{
  "TimeCreated": "20210124T003716",
  "Name": "Action.Tavern.RankAll",
  "MergedMacroConfigurations": [
    {
      "MacrosToRun": [
        "GoTo.Bastion"
      ],
      "LoopCount": 1,
      "LoopInterval": 0,
      "DelayNextScript": 0,
      "Acceleration": 1
    },
    {
      "MacrosToRun": [
        "Bastion.Tavern"
      ],
      "LoopCount": 1,
      "LoopInterval": 0,
      "DelayNextScript": 0,
      "Acceleration": 1
    },
    {
      "MacrosToRun": [
        "Action.Tavern.ScrollBottom"
      ],
      "LoopCount": 1,
      "LoopInterval": 0,
      "DelayNextScript": 0,
      "Acceleration": 1
    },
    {
      "MacrosToRun": [
        "Action.Tavern.RankUpGrid"
      ],
      "LoopCount": 1,
      "LoopInterval": 0,
      "DelayNextScript": 0,
      "Acceleration": 1
    },
    {
      "MacrosToRun": [
        "Tavern.Scroll.Up"
      ],
      "LoopCount": 1,
      "LoopInterval": 0,
      "DelayNextScript": 0,
      "Acceleration": 1
    },
    {
      "MacrosToRun": [
        "Action.Tavern.RankUpGrid"
      ],
      "LoopCount": 1,
      "LoopInterval": 0,
      "DelayNextScript": 0,
      "Acceleration": 1
    },
    {
      "MacrosToRun": [
        "Tavern.Scroll.Up"
      ],
      "LoopCount": 1,
      "LoopInterval": 0,
      "DelayNextScript": 0,
      "Acceleration": 1
    },
    {
      "MacrosToRun": [
        "Action.Tavern.RankUpGrid"
      ],
      "LoopCount": 1,
      "LoopInterval": 0,
      "DelayNextScript": 0,
      "Acceleration": 1
    },
    {
      "MacrosToRun": [
        "Tavern.Scroll.Up"
      ],
      "LoopCount": 1,
      "LoopInterval": 0,
      "DelayNextScript": 0,
      "Acceleration": 1
    },
    {
      "MacrosToRun": [
        "Action.Tavern.RankUpGrid"
      ],
      "LoopCount": 1,
      "LoopInterval": 0,
      "DelayNextScript": 0,
      "Acceleration": 1
    }
  ],
  "LoopType": "TillLoopNumber",
  "LoopNumber": 1,
  "LoopTime": 0,
  "LoopInterval": 0,
  "Acceleration": 1,
  "PlayOnStart": false,
  "DonotShowWindowOnFinish": false,
  "RestartPlayer": false,
  "RestartPlayerAfterMinutes": 60,
  "ShortCut": "",
  "UserName": "",
  "MacroId": ""
}