{
  "TimeCreated": "20210124T003716",
  "Name": "Action.Fight.ClanBoss",
  "MergedMacroConfigurations": [
    {
      "MacrosToRun": [
        "GoTo.Bastion",
        "Bastion.Battles",
        "Battles.ClanBoss"
      ],
      "LoopCount": 1,
      "LoopInterval": 0,
      "DelayNextScript": 0,
      "Acceleration": 1
    },
    {
      "MacrosToRun": [
        "ClanBoss.Claim"
      ],
      "LoopCount": 1,
      "LoopInterval": 0,
      "DelayNextScript": 3,
      "Acceleration": 1
    },
    {
      "MacrosToRun": [
        "GoTo.Bastion",
        "Bastion.Battles",
        "Battles.ClanBoss"
      ],
      "LoopCount": 1,
      "LoopInterval": 0,
      "DelayNextScript": 0,
      "Acceleration": 1
    },
    {
      "MacrosToRun": [
        "Clanboss.Fight"
      ],
      "LoopCount": 1,
      "LoopInterval": 0,
      "DelayNextScript": 0,
      "Acceleration": 1
    }
  ],
  "LoopType": "TillLoopNumber",
  "LoopNumber": 1,
  "LoopTime": 0,
  "LoopInterval": 0,
  "Acceleration": 1,
  "PlayOnStart": false,
  "DonotShowWindowOnFinish": false,
  "RestartPlayer": false,
  "RestartPlayerAfterMinutes": 60,
  "ShortCut": "",
  "UserName": "",
  "MacroId": ""
}