{
  "TimeCreated": "20210124T003716",
  "Name": "Action.Upgrade12.All",
  "MergedMacroConfigurations": [
    {
      "MacrosToRun": [
        "Action.Upgrade12.Weapon"
      ],
      "LoopCount": 1,
      "LoopInterval": 0,
      "DelayNextScript": 0,
      "Acceleration": 1
    },
    {
      "MacrosToRun": [
        "Action.Upgrade12.Helmet"
      ],
      "LoopCount": 1,
      "LoopInterval": 0,
      "DelayNextScript": 0,
      "Acceleration": 1
    },
    {
      "MacrosToRun": [
        "Action.Upgrade12.Shield"
      ],
      "LoopCount": 1,
      "LoopInterval": 0,
      "DelayNextScript": 0,
      "Acceleration": 1
    },
    {
      "MacrosToRun": [
        "Action.Upgrade12.Gauntlets"
      ],
      "LoopCount": 1,
      "LoopInterval": 0,
      "DelayNextScript": 0,
      "Acceleration": 1
    },
    {
      "MacrosToRun": [
        "Action.Upgrade12.Chest"
      ],
      "LoopCount": 1,
      "LoopInterval": 0,
      "DelayNextScript": 0,
      "Acceleration": 1
    },
    {
      "MacrosToRun": [
        "Action.Upgrade12.Boots"
      ],
      "LoopCount": 1,
      "LoopInterval": 0,
      "DelayNextScript": 0,
      "Acceleration": 1
    }
  ],
  "LoopType": "TillLoopNumber",
  "LoopNumber": 1,
  "LoopTime": 0,
  "LoopInterval": 0,
  "Acceleration": 1,
  "PlayOnStart": false,
  "DonotShowWindowOnFinish": false,
  "RestartPlayer": false,
  "RestartPlayerAfterMinutes": 60,
  "ShortCut": "",
  "UserName": "",
  "MacroId": ""
}