{
  "TimeCreated": "20210124T003716",
  "Name": "Key.DOWN",
  "Events": [
    {
      "Timestamp": 550,
      "KeyName": "Down",
      "EventType": "KeyDown"
    },
    {
      "Timestamp": 1043,
      "KeyName": "Down",
      "EventType": "KeyDown"
    },
    {
      "Timestamp": 1075,
      "KeyName": "Down",
      "EventType": "KeyDown"
    },
    {
      "Timestamp": 1106,
      "KeyName": "Down",
      "EventType": "KeyDown"
    },
    {
      "Timestamp": 1137,
      "KeyName": "Down",
      "EventType": "KeyDown"
    },
    {
      "Timestamp": 1168,
      "KeyName": "Down",
      "EventType": "KeyDown"
    },
    {
      "Timestamp": 1199,
      "KeyName": "Down",
      "EventType": "KeyDown"
    },
    {
      "Timestamp": 1222,
      "KeyName": "Down",
      "EventType": "KeyDown"
    },
    {
      "Timestamp": 1249,
      "KeyName": "Down",
      "EventType": "KeyDown"
    },
    {
      "Timestamp": 1291,
      "KeyName": "Down",
      "EventType": "KeyDown"
    },
    {
      "Timestamp": 1316,
      "KeyName": "Down",
      "EventType": "KeyDown"
    },
    {
      "Timestamp": 1350,
      "KeyName": "Down",
      "EventType": "KeyDown"
    },
    {
      "Timestamp": 1376,
      "KeyName": "Down",
      "EventType": "KeyDown"
    },
    {
      "Timestamp": 1405,
      "KeyName": "Down",
      "EventType": "KeyDown"
    },
    {
      "Timestamp": 1441,
      "KeyName": "Down",
      "EventType": "KeyDown"
    },
    {
      "Timestamp": 1465,
      "KeyName": "Down",
      "EventType": "KeyDown"
    },
    {
      "Timestamp": 1498,
      "KeyName": "Down",
      "EventType": "KeyDown"
    },
    {
      "Timestamp": 1525,
      "KeyName": "Down",
      "EventType": "KeyDown"
    },
    {
      "Timestamp": 1579,
      "KeyName": "Down",
      "EventType": "KeyDown"
    },
    {
      "Timestamp": 1589,
      "KeyName": "Down",
      "EventType": "KeyDown"
    },
    {
      "Timestamp": 1619,
      "KeyName": "Down",
      "EventType": "KeyDown"
    },
    {
      "Timestamp": 1651,
      "KeyName": "Down",
      "EventType": "KeyDown"
    },
    {
      "Timestamp": 1677,
      "KeyName": "Down",
      "EventType": "KeyDown"
    },
    {
      "Timestamp": 1709,
      "KeyName": "Down",
      "EventType": "KeyDown"
    },
    {
      "Timestamp": 1742,
      "KeyName": "Down",
      "EventType": "KeyDown"
    },
    {
      "Timestamp": 1766,
      "KeyName": "Down",
      "EventType": "KeyDown"
    },
    {
      "Timestamp": 1821,
      "KeyName": "Down",
      "EventType": "KeyDown"
    },
    {
      "Timestamp": 1836,
      "KeyName": "Down",
      "EventType": "KeyDown"
    },
    {
      "Timestamp": 1861,
      "KeyName": "Down",
      "EventType": "KeyDown"
    },
    {
      "Timestamp": 1895,
      "KeyName": "Down",
      "EventType": "KeyDown"
    },
    {
      "Timestamp": 1937,
      "KeyName": "Down",
      "EventType": "KeyDown"
    },
    {
      "Timestamp": 1952,
      "KeyName": "Down",
      "EventType": "KeyDown"
    },
    {
      "Timestamp": 1988,
      "KeyName": "Down",
      "EventType": "KeyDown"
    },
    {
      "Timestamp": 2012,
      "KeyName": "Down",
      "EventType": "KeyDown"
    },
    {
      "Timestamp": 2044,
      "KeyName": "Down",
      "EventType": "KeyDown"
    },
    {
      "Timestamp": 2073,
      "KeyName": "Down",
      "EventType": "KeyDown"
    },
    {
      "Timestamp": 2103,
      "KeyName": "Down",
      "EventType": "KeyDown"
    },
    {
      "Timestamp": 2134,
      "KeyName": "Down",
      "EventType": "KeyDown"
    },
    {
      "Timestamp": 2168,
      "KeyName": "Down",
      "EventType": "KeyDown"
    },
    {
      "Timestamp": 2192,
      "KeyName": "Down",
      "EventType": "KeyDown"
    },
    {
      "Timestamp": 2221,
      "KeyName": "Down",
      "EventType": "KeyDown"
    },
    {
      "Timestamp": 2252,
      "KeyName": "Down",
      "EventType": "KeyDown"
    },
    {
      "Timestamp": 2292,
      "KeyName": "Down",
      "EventType": "KeyDown"
    },
    {
      "Timestamp": 2316,
      "KeyName": "Down",
      "EventType": "KeyDown"
    },
    {
      "Timestamp": 2350,
      "KeyName": "Down",
      "EventType": "KeyDown"
    },
    {
      "Timestamp": 2377,
      "KeyName": "Down",
      "EventType": "KeyDown"
    },
    {
      "Timestamp": 2415,
      "KeyName": "Down",
      "EventType": "KeyDown"
    },
    {
      "Timestamp": 2436,
      "KeyName": "Down",
      "EventType": "KeyDown"
    },
    {
      "Timestamp": 2469,
      "KeyName": "Down",
      "EventType": "KeyDown"
    },
    {
      "Timestamp": 2500,
      "KeyName": "Down",
      "EventType": "KeyDown"
    },
    {
      "Timestamp": 2534,
      "KeyName": "Down",
      "EventType": "KeyDown"
    },
    {
      "Timestamp": 2564,
      "KeyName": "Down",
      "EventType": "KeyDown"
    },
    {
      "Timestamp": 2589,
      "KeyName": "Down",
      "EventType": "KeyDown"
    },
    {
      "Timestamp": 2625,
      "KeyName": "Down",
      "EventType": "KeyDown"
    },
    {
      "Timestamp": 2675,
      "KeyName": "Down",
      "EventType": "KeyUp"
    }
  ],
  "LoopType": "TillLoopNumber",
  "LoopNumber": 1,
  "LoopTime": 0,
  "LoopInterval": 0,
  "Acceleration": 1,
  "PlayOnStart": false,
  "DonotShowWindowOnFinish": false,
  "RestartPlayer": false,
  "RestartPlayerAfterMinutes": 60,
  "ShortCut": "",
  "UserName": "",
  "MacroId": ""
}