{
  "TimeCreated": "20210124T003716",
  "Name": "Potion.Spirit.Greater",
  "Events": [
    {
      "Timestamp": 1161,
      "KeyName": "Ctrl",
      "EventType": "KeyDown"
    },
    {
      "Timestamp": 1504,
      "KeyName": "G",
      "EventType": "KeyDown"
    },
    {
      "Timestamp": 1666,
      "KeyName": "G",
      "EventType": "KeyUp"
    },
    {
      "Timestamp": 2111,
      "KeyName": "Ctrl",
      "EventType": "KeyUp"
    }
  ],
  "LoopType": "TillLoopNumber",
  "LoopNumber": 1,
  "LoopTime": 0,
  "LoopInterval": 0,
  "Acceleration": 1,
  "PlayOnStart": false,
  "DonotShowWindowOnFinish": false,
  "RestartPlayer": false,
  "RestartPlayerAfterMinutes": 60,
  "ShortCut": "",
  "UserName": "",
  "MacroId": ""
}