{
  "TimeCreated": "20210124T003716",
  "Name": "Wait.1Min",
  "Events": [
    {
      "Timestamp": 60000,
      "KeyName": "Alt",
      "EventType": "KeyDown"
    },
    {
      "Timestamp": 60500,
      "KeyName": "Alt",
      "EventType": "KeyUp"
    }
  ],
  "LoopType": "TillLoopNumber",
  "LoopNumber": 1,
  "LoopTime": 0,
  "LoopInterval": 0,
  "Acceleration": 1,
  "PlayOnStart": false,
  "DonotShowWindowOnFinish": false,
  "RestartPlayer": false,
  "RestartPlayerAfterMinutes": 60,
  "ShortCut": "",
  "UserName": "",
  "MacroId": ""
}