{
  "TimeCreated": "20210106T170304",
  "Name": "Fight.Setup.Champ.ScrollEnd",
  "Events": [
    {
      "Timestamp": 1340,
      "KeyName": "Left",
      "EventType": "KeyDown"
    },
    {
      "Timestamp": 1847,
      "KeyName": "Left",
      "EventType": "KeyDown"
    },
    {
      "Timestamp": 1873,
      "KeyName": "Left",
      "EventType": "KeyDown"
    },
    {
      "Timestamp": 1905,
      "KeyName": "Left",
      "EventType": "KeyDown"
    },
    {
      "Timestamp": 1939,
      "KeyName": "Left",
      "EventType": "KeyDown"
    },
    {
      "Timestamp": 1973,
      "KeyName": "Left",
      "EventType": "KeyDown"
    },
    {
      "Timestamp": 2007,
      "KeyName": "Left",
      "EventType": "KeyDown"
    },
    {
      "Timestamp": 2041,
      "KeyName": "Left",
      "EventType": "KeyDown"
    },
    {
      "Timestamp": 2072,
      "KeyName": "Left",
      "EventType": "KeyDown"
    },
    {
      "Timestamp": 2106,
      "KeyName": "Left",
      "EventType": "KeyDown"
    },
    {
      "Timestamp": 2140,
      "KeyName": "Left",
      "EventType": "KeyDown"
    },
    {
      "Timestamp": 2172,
      "KeyName": "Left",
      "EventType": "KeyDown"
    },
    {
      "Timestamp": 2202,
      "KeyName": "Left",
      "EventType": "KeyDown"
    },
    {
      "Timestamp": 2235,
      "KeyName": "Left",
      "EventType": "KeyDown"
    },
    {
      "Timestamp": 2268,
      "KeyName": "Left",
      "EventType": "KeyDown"
    },
    {
      "Timestamp": 2302,
      "KeyName": "Left",
      "EventType": "KeyDown"
    },
    {
      "Timestamp": 2334,
      "KeyName": "Left",
      "EventType": "KeyDown"
    },
    {
      "Timestamp": 2368,
      "KeyName": "Left",
      "EventType": "KeyDown"
    },
    {
      "Timestamp": 2403,
      "KeyName": "Left",
      "EventType": "KeyDown"
    },
    {
      "Timestamp": 2434,
      "KeyName": "Left",
      "EventType": "KeyDown"
    },
    {
      "Timestamp": 2467,
      "KeyName": "Left",
      "EventType": "KeyDown"
    },
    {
      "Timestamp": 2501,
      "KeyName": "Left",
      "EventType": "KeyDown"
    },
    {
      "Timestamp": 2533,
      "KeyName": "Left",
      "EventType": "KeyDown"
    },
    {
      "Timestamp": 2566,
      "KeyName": "Left",
      "EventType": "KeyDown"
    },
    {
      "Timestamp": 2599,
      "KeyName": "Left",
      "EventType": "KeyDown"
    },
    {
      "Timestamp": 2633,
      "KeyName": "Left",
      "EventType": "KeyDown"
    },
    {
      "Timestamp": 2640,
      "KeyName": "Left",
      "EventType": "KeyUp"
    },
    {
      "Timestamp": 2942,
      "KeyName": "Left",
      "EventType": "KeyDown"
    },
    {
      "Timestamp": 3442,
      "KeyName": "Left",
      "EventType": "KeyDown"
    },
    {
      "Timestamp": 3474,
      "KeyName": "Left",
      "EventType": "KeyDown"
    },
    {
      "Timestamp": 3504,
      "KeyName": "Left",
      "EventType": "KeyDown"
    },
    {
      "Timestamp": 3539,
      "KeyName": "Left",
      "EventType": "KeyDown"
    },
    {
      "Timestamp": 3575,
      "KeyName": "Left",
      "EventType": "KeyDown"
    },
    {
      "Timestamp": 3605,
      "KeyName": "Left",
      "EventType": "KeyDown"
    },
    {
      "Timestamp": 3637,
      "KeyName": "Left",
      "EventType": "KeyDown"
    },
    {
      "Timestamp": 3671,
      "KeyName": "Left",
      "EventType": "KeyDown"
    },
    {
      "Timestamp": 3704,
      "KeyName": "Left",
      "EventType": "KeyDown"
    },
    {
      "Timestamp": 3736,
      "KeyName": "Left",
      "EventType": "KeyDown"
    },
    {
      "Timestamp": 3768,
      "KeyName": "Left",
      "EventType": "KeyDown"
    },
    {
      "Timestamp": 3802,
      "KeyName": "Left",
      "EventType": "KeyDown"
    },
    {
      "Timestamp": 3837,
      "KeyName": "Left",
      "EventType": "KeyDown"
    },
    {
      "Timestamp": 3869,
      "KeyName": "Left",
      "EventType": "KeyDown"
    },
    {
      "Timestamp": 3901,
      "KeyName": "Left",
      "EventType": "KeyDown"
    },
    {
      "Timestamp": 3936,
      "KeyName": "Left",
      "EventType": "KeyDown"
    },
    {
      "Timestamp": 3968,
      "KeyName": "Left",
      "EventType": "KeyDown"
    },
    {
      "Timestamp": 4000,
      "KeyName": "Left",
      "EventType": "KeyDown"
    },
    {
      "Timestamp": 4034,
      "KeyName": "Left",
      "EventType": "KeyDown"
    },
    {
      "Timestamp": 4067,
      "KeyName": "Left",
      "EventType": "KeyDown"
    },
    {
      "Timestamp": 4102,
      "KeyName": "Left",
      "EventType": "KeyDown"
    },
    {
      "Timestamp": 4131,
      "KeyName": "Left",
      "EventType": "KeyDown"
    },
    {
      "Timestamp": 4169,
      "KeyName": "Left",
      "EventType": "KeyDown"
    },
    {
      "Timestamp": 4201,
      "KeyName": "Left",
      "EventType": "KeyDown"
    },
    {
      "Timestamp": 4233,
      "KeyName": "Left",
      "EventType": "KeyDown"
    },
    {
      "Timestamp": 4259,
      "KeyName": "Left",
      "EventType": "KeyUp"
    },
    {
      "Timestamp": 4560,
      "KeyName": "Left",
      "EventType": "KeyDown"
    },
    {
      "Timestamp": 5063,
      "KeyName": "Left",
      "EventType": "KeyDown"
    },
    {
      "Timestamp": 5100,
      "KeyName": "Left",
      "EventType": "KeyDown"
    },
    {
      "Timestamp": 5141,
      "KeyName": "Left",
      "EventType": "KeyDown"
    },
    {
      "Timestamp": 5164,
      "KeyName": "Left",
      "EventType": "KeyDown"
    },
    {
      "Timestamp": 5193,
      "KeyName": "Left",
      "EventType": "KeyDown"
    },
    {
      "Timestamp": 5226,
      "KeyName": "Left",
      "EventType": "KeyDown"
    },
    {
      "Timestamp": 5258,
      "KeyName": "Left",
      "EventType": "KeyDown"
    },
    {
      "Timestamp": 5293,
      "KeyName": "Left",
      "EventType": "KeyDown"
    },
    {
      "Timestamp": 5323,
      "KeyName": "Left",
      "EventType": "KeyDown"
    },
    {
      "Timestamp": 5359,
      "KeyName": "Left",
      "EventType": "KeyDown"
    },
    {
      "Timestamp": 5389,
      "KeyName": "Left",
      "EventType": "KeyDown"
    },
    {
      "Timestamp": 5423,
      "KeyName": "Left",
      "EventType": "KeyDown"
    },
    {
      "Timestamp": 5455,
      "KeyName": "Left",
      "EventType": "KeyDown"
    },
    {
      "Timestamp": 5488,
      "KeyName": "Left",
      "EventType": "KeyDown"
    },
    {
      "Timestamp": 5524,
      "KeyName": "Left",
      "EventType": "KeyDown"
    },
    {
      "Timestamp": 5555,
      "KeyName": "Left",
      "EventType": "KeyDown"
    },
    {
      "Timestamp": 5587,
      "KeyName": "Left",
      "EventType": "KeyDown"
    },
    {
      "Timestamp": 5620,
      "KeyName": "Left",
      "EventType": "KeyDown"
    },
    {
      "Timestamp": 5655,
      "KeyName": "Left",
      "EventType": "KeyDown"
    },
    {
      "Timestamp": 5688,
      "KeyName": "Left",
      "EventType": "KeyDown"
    },
    {
      "Timestamp": 5722,
      "KeyName": "Left",
      "EventType": "KeyDown"
    },
    {
      "Timestamp": 5752,
      "KeyName": "Left",
      "EventType": "KeyDown"
    },
    {
      "Timestamp": 5786,
      "KeyName": "Left",
      "EventType": "KeyDown"
    },
    {
      "Timestamp": 5822,
      "KeyName": "Left",
      "EventType": "KeyDown"
    },
    {
      "Timestamp": 5849,
      "KeyName": "Left",
      "EventType": "KeyUp"
    },
    {
      "Timestamp": 6091,
      "KeyName": "Left",
      "EventType": "KeyDown"
    },
    {
      "Timestamp": 6590,
      "KeyName": "Left",
      "EventType": "KeyDown"
    },
    {
      "Timestamp": 6625,
      "KeyName": "Left",
      "EventType": "KeyDown"
    },
    {
      "Timestamp": 6656,
      "KeyName": "Left",
      "EventType": "KeyDown"
    },
    {
      "Timestamp": 6690,
      "KeyName": "Left",
      "EventType": "KeyDown"
    },
    {
      "Timestamp": 6726,
      "KeyName": "Left",
      "EventType": "KeyDown"
    },
    {
      "Timestamp": 6757,
      "KeyName": "Left",
      "EventType": "KeyDown"
    },
    {
      "Timestamp": 6792,
      "KeyName": "Left",
      "EventType": "KeyDown"
    },
    {
      "Timestamp": 6824,
      "KeyName": "Left",
      "EventType": "KeyDown"
    },
    {
      "Timestamp": 6856,
      "KeyName": "Left",
      "EventType": "KeyDown"
    },
    {
      "Timestamp": 6886,
      "KeyName": "Left",
      "EventType": "KeyDown"
    },
    {
      "Timestamp": 6919,
      "KeyName": "Left",
      "EventType": "KeyDown"
    },
    {
      "Timestamp": 6953,
      "KeyName": "Left",
      "EventType": "KeyDown"
    },
    {
      "Timestamp": 6987,
      "KeyName": "Left",
      "EventType": "KeyDown"
    },
    {
      "Timestamp": 7020,
      "KeyName": "Left",
      "EventType": "KeyDown"
    },
    {
      "Timestamp": 7053,
      "KeyName": "Left",
      "EventType": "KeyDown"
    },
    {
      "Timestamp": 7086,
      "KeyName": "Left",
      "EventType": "KeyDown"
    },
    {
      "Timestamp": 7119,
      "KeyName": "Left",
      "EventType": "KeyDown"
    },
    {
      "Timestamp": 7153,
      "KeyName": "Left",
      "EventType": "KeyDown"
    },
    {
      "Timestamp": 7187,
      "KeyName": "Left",
      "EventType": "KeyDown"
    },
    {
      "Timestamp": 7220,
      "KeyName": "Left",
      "EventType": "KeyDown"
    },
    {
      "Timestamp": 7253,
      "KeyName": "Left",
      "EventType": "KeyDown"
    },
    {
      "Timestamp": 7287,
      "KeyName": "Left",
      "EventType": "KeyDown"
    },
    {
      "Timestamp": 7315,
      "KeyName": "Left",
      "EventType": "KeyDown"
    },
    {
      "Timestamp": 7351,
      "KeyName": "Left",
      "EventType": "KeyDown"
    },
    {
      "Timestamp": 7384,
      "KeyName": "Left",
      "EventType": "KeyDown"
    },
    {
      "Timestamp": 7416,
      "KeyName": "Left",
      "EventType": "KeyDown"
    },
    {
      "Timestamp": 7449,
      "KeyName": "Left",
      "EventType": "KeyDown"
    },
    {
      "Timestamp": 7482,
      "KeyName": "Left",
      "EventType": "KeyUp"
    },
    {
      "Timestamp": 7759,
      "KeyName": "Left",
      "EventType": "KeyDown"
    },
    {
      "Timestamp": 8259,
      "KeyName": "Left",
      "EventType": "KeyDown"
    },
    {
      "Timestamp": 8293,
      "KeyName": "Left",
      "EventType": "KeyDown"
    },
    {
      "Timestamp": 8333,
      "KeyName": "Left",
      "EventType": "KeyDown"
    },
    {
      "Timestamp": 8359,
      "KeyName": "Left",
      "EventType": "KeyDown"
    },
    {
      "Timestamp": 8395,
      "KeyName": "Left",
      "EventType": "KeyDown"
    },
    {
      "Timestamp": 8425,
      "KeyName": "Left",
      "EventType": "KeyDown"
    },
    {
      "Timestamp": 8458,
      "KeyName": "Left",
      "EventType": "KeyDown"
    },
    {
      "Timestamp": 8491,
      "KeyName": "Left",
      "EventType": "KeyDown"
    },
    {
      "Timestamp": 8525,
      "KeyName": "Left",
      "EventType": "KeyDown"
    },
    {
      "Timestamp": 8558,
      "KeyName": "Left",
      "EventType": "KeyDown"
    },
    {
      "Timestamp": 8598,
      "KeyName": "Left",
      "EventType": "KeyDown"
    },
    {
      "Timestamp": 8621,
      "KeyName": "Left",
      "EventType": "KeyDown"
    },
    {
      "Timestamp": 8657,
      "KeyName": "Left",
      "EventType": "KeyDown"
    },
    {
      "Timestamp": 8712,
      "KeyName": "Left",
      "EventType": "KeyDown"
    },
    {
      "Timestamp": 8736,
      "KeyName": "Left",
      "EventType": "KeyDown"
    },
    {
      "Timestamp": 8757,
      "KeyName": "Left",
      "EventType": "KeyDown"
    },
    {
      "Timestamp": 8788,
      "KeyName": "Left",
      "EventType": "KeyDown"
    },
    {
      "Timestamp": 8821,
      "KeyName": "Left",
      "EventType": "KeyDown"
    },
    {
      "Timestamp": 8857,
      "KeyName": "Left",
      "EventType": "KeyDown"
    },
    {
      "Timestamp": 8888,
      "KeyName": "Left",
      "EventType": "KeyDown"
    },
    {
      "Timestamp": 8921,
      "KeyName": "Left",
      "EventType": "KeyDown"
    },
    {
      "Timestamp": 8955,
      "KeyName": "Left",
      "EventType": "KeyDown"
    },
    {
      "Timestamp": 8987,
      "KeyName": "Left",
      "EventType": "KeyDown"
    },
    {
      "Timestamp": 9021,
      "KeyName": "Left",
      "EventType": "KeyDown"
    },
    {
      "Timestamp": 9053,
      "KeyName": "Left",
      "EventType": "KeyDown"
    },
    {
      "Timestamp": 9081,
      "KeyName": "Left",
      "EventType": "KeyUp"
    },
    {
      "Timestamp": 9389,
      "KeyName": "Left",
      "EventType": "KeyDown"
    },
    {
      "Timestamp": 9889,
      "KeyName": "Left",
      "EventType": "KeyDown"
    },
    {
      "Timestamp": 9926,
      "KeyName": "Left",
      "EventType": "KeyDown"
    },
    {
      "Timestamp": 9957,
      "KeyName": "Left",
      "EventType": "KeyDown"
    },
    {
      "Timestamp": 9988,
      "KeyName": "Left",
      "EventType": "KeyDown"
    },
    {
      "Timestamp": 10025,
      "KeyName": "Left",
      "EventType": "KeyDown"
    },
    {
      "Timestamp": 10055,
      "KeyName": "Left",
      "EventType": "KeyDown"
    },
    {
      "Timestamp": 10088,
      "KeyName": "Left",
      "EventType": "KeyDown"
    },
    {
      "Timestamp": 10121,
      "KeyName": "Left",
      "EventType": "KeyDown"
    },
    {
      "Timestamp": 10155,
      "KeyName": "Left",
      "EventType": "KeyDown"
    },
    {
      "Timestamp": 10188,
      "KeyName": "Left",
      "EventType": "KeyDown"
    },
    {
      "Timestamp": 10221,
      "KeyName": "Left",
      "EventType": "KeyDown"
    },
    {
      "Timestamp": 10254,
      "KeyName": "Left",
      "EventType": "KeyDown"
    },
    {
      "Timestamp": 10286,
      "KeyName": "Left",
      "EventType": "KeyDown"
    },
    {
      "Timestamp": 10319,
      "KeyName": "Left",
      "EventType": "KeyDown"
    },
    {
      "Timestamp": 10351,
      "KeyName": "Left",
      "EventType": "KeyDown"
    },
    {
      "Timestamp": 10384,
      "KeyName": "Left",
      "EventType": "KeyDown"
    },
    {
      "Timestamp": 10418,
      "KeyName": "Left",
      "EventType": "KeyDown"
    },
    {
      "Timestamp": 10452,
      "KeyName": "Left",
      "EventType": "KeyDown"
    },
    {
      "Timestamp": 10485,
      "KeyName": "Left",
      "EventType": "KeyDown"
    },
    {
      "Timestamp": 10518,
      "KeyName": "Left",
      "EventType": "KeyDown"
    },
    {
      "Timestamp": 10551,
      "KeyName": "Left",
      "EventType": "KeyDown"
    },
    {
      "Timestamp": 10584,
      "KeyName": "Left",
      "EventType": "KeyDown"
    },
    {
      "Timestamp": 10616,
      "KeyName": "Left",
      "EventType": "KeyDown"
    },
    {
      "Timestamp": 10650,
      "KeyName": "Left",
      "EventType": "KeyDown"
    },
    {
      "Timestamp": 10683,
      "KeyName": "Left",
      "EventType": "KeyDown"
    },
    {
      "Timestamp": 10715,
      "KeyName": "Left",
      "EventType": "KeyDown"
    },
    {
      "Timestamp": 10746,
      "KeyName": "Left",
      "EventType": "KeyDown"
    },
    {
      "Timestamp": 10780,
      "KeyName": "Left",
      "EventType": "KeyDown"
    },
    {
      "Timestamp": 10790,
      "KeyName": "Left",
      "EventType": "KeyUp"
    },
    {
      "Timestamp": 11140,
      "KeyName": "Left",
      "EventType": "KeyDown"
    },
    {
      "Timestamp": 11639,
      "KeyName": "Left",
      "EventType": "KeyDown"
    },
    {
      "Timestamp": 11675,
      "KeyName": "Left",
      "EventType": "KeyDown"
    },
    {
      "Timestamp": 11708,
      "KeyName": "Left",
      "EventType": "KeyDown"
    },
    {
      "Timestamp": 11740,
      "KeyName": "Left",
      "EventType": "KeyDown"
    },
    {
      "Timestamp": 11773,
      "KeyName": "Left",
      "EventType": "KeyDown"
    },
    {
      "Timestamp": 11803,
      "KeyName": "Left",
      "EventType": "KeyDown"
    },
    {
      "Timestamp": 11839,
      "KeyName": "Left",
      "EventType": "KeyDown"
    },
    {
      "Timestamp": 11871,
      "KeyName": "Left",
      "EventType": "KeyDown"
    },
    {
      "Timestamp": 11907,
      "KeyName": "Left",
      "EventType": "KeyDown"
    },
    {
      "Timestamp": 11940,
      "KeyName": "Left",
      "EventType": "KeyDown"
    },
    {
      "Timestamp": 11973,
      "KeyName": "Left",
      "EventType": "KeyDown"
    },
    {
      "Timestamp": 12004,
      "KeyName": "Left",
      "EventType": "KeyDown"
    },
    {
      "Timestamp": 12036,
      "KeyName": "Left",
      "EventType": "KeyDown"
    },
    {
      "Timestamp": 12068,
      "KeyName": "Left",
      "EventType": "KeyDown"
    },
    {
      "Timestamp": 12104,
      "KeyName": "Left",
      "EventType": "KeyDown"
    },
    {
      "Timestamp": 12137,
      "KeyName": "Left",
      "EventType": "KeyDown"
    },
    {
      "Timestamp": 12170,
      "KeyName": "Left",
      "EventType": "KeyDown"
    },
    {
      "Timestamp": 12202,
      "KeyName": "Left",
      "EventType": "KeyDown"
    },
    {
      "Timestamp": 12234,
      "KeyName": "Left",
      "EventType": "KeyDown"
    },
    {
      "Timestamp": 12267,
      "KeyName": "Left",
      "EventType": "KeyDown"
    },
    {
      "Timestamp": 12300,
      "KeyName": "Left",
      "EventType": "KeyDown"
    },
    {
      "Timestamp": 12334,
      "KeyName": "Left",
      "EventType": "KeyDown"
    },
    {
      "Timestamp": 12365,
      "KeyName": "Left",
      "EventType": "KeyDown"
    },
    {
      "Timestamp": 12398,
      "KeyName": "Left",
      "EventType": "KeyDown"
    },
    {
      "Timestamp": 12435,
      "KeyName": "Left",
      "EventType": "KeyDown"
    },
    {
      "Timestamp": 12463,
      "KeyName": "Left",
      "EventType": "KeyDown"
    },
    {
      "Timestamp": 12478,
      "KeyName": "Left",
      "EventType": "KeyUp"
    },
    {
      "Timestamp": 12855,
      "KeyName": "Left",
      "EventType": "KeyDown"
    },
    {
      "Timestamp": 13350,
      "KeyName": "Left",
      "EventType": "KeyDown"
    },
    {
      "Timestamp": 13382,
      "KeyName": "Left",
      "EventType": "KeyDown"
    },
    {
      "Timestamp": 13416,
      "KeyName": "Left",
      "EventType": "KeyDown"
    },
    {
      "Timestamp": 13455,
      "KeyName": "Left",
      "EventType": "KeyDown"
    },
    {
      "Timestamp": 13483,
      "KeyName": "Left",
      "EventType": "KeyDown"
    },
    {
      "Timestamp": 13516,
      "KeyName": "Left",
      "EventType": "KeyDown"
    },
    {
      "Timestamp": 13547,
      "KeyName": "Left",
      "EventType": "KeyDown"
    },
    {
      "Timestamp": 13584,
      "KeyName": "Left",
      "EventType": "KeyDown"
    },
    {
      "Timestamp": 13613,
      "KeyName": "Left",
      "EventType": "KeyDown"
    },
    {
      "Timestamp": 13646,
      "KeyName": "Left",
      "EventType": "KeyDown"
    },
    {
      "Timestamp": 13679,
      "KeyName": "Left",
      "EventType": "KeyDown"
    },
    {
      "Timestamp": 13713,
      "KeyName": "Left",
      "EventType": "KeyDown"
    },
    {
      "Timestamp": 13746,
      "KeyName": "Left",
      "EventType": "KeyDown"
    },
    {
      "Timestamp": 13778,
      "KeyName": "Left",
      "EventType": "KeyDown"
    },
    {
      "Timestamp": 13811,
      "KeyName": "Left",
      "EventType": "KeyDown"
    },
    {
      "Timestamp": 13846,
      "KeyName": "Left",
      "EventType": "KeyDown"
    },
    {
      "Timestamp": 13877,
      "KeyName": "Left",
      "EventType": "KeyDown"
    },
    {
      "Timestamp": 13911,
      "KeyName": "Left",
      "EventType": "KeyDown"
    },
    {
      "Timestamp": 13942,
      "KeyName": "Left",
      "EventType": "KeyDown"
    },
    {
      "Timestamp": 13976,
      "KeyName": "Left",
      "EventType": "KeyDown"
    },
    {
      "Timestamp": 14008,
      "KeyName": "Left",
      "EventType": "KeyDown"
    },
    {
      "Timestamp": 14040,
      "KeyName": "Left",
      "EventType": "KeyDown"
    },
    {
      "Timestamp": 14075,
      "KeyName": "Left",
      "EventType": "KeyDown"
    },
    {
      "Timestamp": 14107,
      "KeyName": "Left",
      "EventType": "KeyDown"
    },
    {
      "Timestamp": 14140,
      "KeyName": "Left",
      "EventType": "KeyDown"
    },
    {
      "Timestamp": 14175,
      "KeyName": "Left",
      "EventType": "KeyDown"
    },
    {
      "Timestamp": 14208,
      "KeyName": "Left",
      "EventType": "KeyDown"
    },
    {
      "Timestamp": 14221,
      "KeyName": "Left",
      "EventType": "KeyUp"
    },
    {
      "Timestamp": 14550,
      "KeyName": "Left",
      "EventType": "KeyDown"
    },
    {
      "Timestamp": 15055,
      "KeyName": "Left",
      "EventType": "KeyDown"
    },
    {
      "Timestamp": 15084,
      "KeyName": "Left",
      "EventType": "KeyDown"
    },
    {
      "Timestamp": 15118,
      "KeyName": "Left",
      "EventType": "KeyDown"
    },
    {
      "Timestamp": 15152,
      "KeyName": "Left",
      "EventType": "KeyDown"
    },
    {
      "Timestamp": 15187,
      "KeyName": "Left",
      "EventType": "KeyDown"
    },
    {
      "Timestamp": 15218,
      "KeyName": "Left",
      "EventType": "KeyDown"
    },
    {
      "Timestamp": 15247,
      "KeyName": "Left",
      "EventType": "KeyDown"
    },
    {
      "Timestamp": 15282,
      "KeyName": "Left",
      "EventType": "KeyDown"
    },
    {
      "Timestamp": 15316,
      "KeyName": "Left",
      "EventType": "KeyDown"
    },
    {
      "Timestamp": 15348,
      "KeyName": "Left",
      "EventType": "KeyDown"
    },
    {
      "Timestamp": 15383,
      "KeyName": "Left",
      "EventType": "KeyDown"
    },
    {
      "Timestamp": 15411,
      "KeyName": "Left",
      "EventType": "KeyDown"
    },
    {
      "Timestamp": 15449,
      "KeyName": "Left",
      "EventType": "KeyDown"
    },
    {
      "Timestamp": 15485,
      "KeyName": "Left",
      "EventType": "KeyDown"
    },
    {
      "Timestamp": 15516,
      "KeyName": "Left",
      "EventType": "KeyDown"
    },
    {
      "Timestamp": 15543,
      "KeyName": "Left",
      "EventType": "KeyDown"
    },
    {
      "Timestamp": 15577,
      "KeyName": "Left",
      "EventType": "KeyDown"
    },
    {
      "Timestamp": 15610,
      "KeyName": "Left",
      "EventType": "KeyDown"
    },
    {
      "Timestamp": 15644,
      "KeyName": "Left",
      "EventType": "KeyDown"
    },
    {
      "Timestamp": 15677,
      "KeyName": "Left",
      "EventType": "KeyDown"
    },
    {
      "Timestamp": 15712,
      "KeyName": "Left",
      "EventType": "KeyDown"
    },
    {
      "Timestamp": 15742,
      "KeyName": "Left",
      "EventType": "KeyDown"
    },
    {
      "Timestamp": 15775,
      "KeyName": "Left",
      "EventType": "KeyDown"
    },
    {
      "Timestamp": 15808,
      "KeyName": "Left",
      "EventType": "KeyDown"
    },
    {
      "Timestamp": 15841,
      "KeyName": "Left",
      "EventType": "KeyDown"
    },
    {
      "Timestamp": 15873,
      "KeyName": "Left",
      "EventType": "KeyDown"
    },
    {
      "Timestamp": 15878,
      "KeyName": "Left",
      "EventType": "KeyUp"
    },
    {
      "Timestamp": 16234,
      "KeyName": "Left",
      "EventType": "KeyDown"
    },
    {
      "Timestamp": 16733,
      "KeyName": "Left",
      "EventType": "KeyDown"
    },
    {
      "Timestamp": 16765,
      "KeyName": "Left",
      "EventType": "KeyDown"
    },
    {
      "Timestamp": 16798,
      "KeyName": "Left",
      "EventType": "KeyDown"
    },
    {
      "Timestamp": 16836,
      "KeyName": "Left",
      "EventType": "KeyDown"
    },
    {
      "Timestamp": 16868,
      "KeyName": "Left",
      "EventType": "KeyDown"
    },
    {
      "Timestamp": 16898,
      "KeyName": "Left",
      "EventType": "KeyDown"
    },
    {
      "Timestamp": 16932,
      "KeyName": "Left",
      "EventType": "KeyDown"
    },
    {
      "Timestamp": 16963,
      "KeyName": "Left",
      "EventType": "KeyDown"
    },
    {
      "Timestamp": 16995,
      "KeyName": "Left",
      "EventType": "KeyDown"
    },
    {
      "Timestamp": 17027,
      "KeyName": "Left",
      "EventType": "KeyDown"
    },
    {
      "Timestamp": 17061,
      "KeyName": "Left",
      "EventType": "KeyDown"
    },
    {
      "Timestamp": 17094,
      "KeyName": "Left",
      "EventType": "KeyDown"
    },
    {
      "Timestamp": 17128,
      "KeyName": "Left",
      "EventType": "KeyDown"
    },
    {
      "Timestamp": 17160,
      "KeyName": "Left",
      "EventType": "KeyDown"
    },
    {
      "Timestamp": 17191,
      "KeyName": "Left",
      "EventType": "KeyDown"
    },
    {
      "Timestamp": 17226,
      "KeyName": "Left",
      "EventType": "KeyDown"
    },
    {
      "Timestamp": 17259,
      "KeyName": "Left",
      "EventType": "KeyDown"
    },
    {
      "Timestamp": 17294,
      "KeyName": "Left",
      "EventType": "KeyDown"
    },
    {
      "Timestamp": 17327,
      "KeyName": "Left",
      "EventType": "KeyDown"
    },
    {
      "Timestamp": 17358,
      "KeyName": "Left",
      "EventType": "KeyDown"
    },
    {
      "Timestamp": 17397,
      "KeyName": "Left",
      "EventType": "KeyDown"
    },
    {
      "Timestamp": 17425,
      "KeyName": "Left",
      "EventType": "KeyDown"
    },
    {
      "Timestamp": 17459,
      "KeyName": "Left",
      "EventType": "KeyDown"
    },
    {
      "Timestamp": 17491,
      "KeyName": "Left",
      "EventType": "KeyDown"
    },
    {
      "Timestamp": 17511,
      "KeyName": "Left",
      "EventType": "KeyUp"
    },
    {
      "Timestamp": 17910,
      "KeyName": "Left",
      "EventType": "KeyDown"
    },
    {
      "Timestamp": 18417,
      "KeyName": "Left",
      "EventType": "KeyDown"
    },
    {
      "Timestamp": 18449,
      "KeyName": "Left",
      "EventType": "KeyDown"
    },
    {
      "Timestamp": 18478,
      "KeyName": "Left",
      "EventType": "KeyDown"
    },
    {
      "Timestamp": 18511,
      "KeyName": "Left",
      "EventType": "KeyDown"
    },
    {
      "Timestamp": 18544,
      "KeyName": "Left",
      "EventType": "KeyDown"
    },
    {
      "Timestamp": 18578,
      "KeyName": "Left",
      "EventType": "KeyDown"
    },
    {
      "Timestamp": 18610,
      "KeyName": "Left",
      "EventType": "KeyDown"
    },
    {
      "Timestamp": 18645,
      "KeyName": "Left",
      "EventType": "KeyDown"
    },
    {
      "Timestamp": 18675,
      "KeyName": "Left",
      "EventType": "KeyDown"
    },
    {
      "Timestamp": 18709,
      "KeyName": "Left",
      "EventType": "KeyDown"
    },
    {
      "Timestamp": 18742,
      "KeyName": "Left",
      "EventType": "KeyDown"
    },
    {
      "Timestamp": 18773,
      "KeyName": "Left",
      "EventType": "KeyDown"
    },
    {
      "Timestamp": 18808,
      "KeyName": "Left",
      "EventType": "KeyDown"
    },
    {
      "Timestamp": 18840,
      "KeyName": "Left",
      "EventType": "KeyDown"
    },
    {
      "Timestamp": 18873,
      "KeyName": "Left",
      "EventType": "KeyDown"
    },
    {
      "Timestamp": 18906,
      "KeyName": "Left",
      "EventType": "KeyDown"
    },
    {
      "Timestamp": 18939,
      "KeyName": "Left",
      "EventType": "KeyDown"
    },
    {
      "Timestamp": 18973,
      "KeyName": "Left",
      "EventType": "KeyDown"
    },
    {
      "Timestamp": 19005,
      "KeyName": "Left",
      "EventType": "KeyDown"
    },
    {
      "Timestamp": 19039,
      "KeyName": "Left",
      "EventType": "KeyDown"
    },
    {
      "Timestamp": 19071,
      "KeyName": "Left",
      "EventType": "KeyDown"
    },
    {
      "Timestamp": 19107,
      "KeyName": "Left",
      "EventType": "KeyDown"
    },
    {
      "Timestamp": 19139,
      "KeyName": "Left",
      "EventType": "KeyDown"
    },
    {
      "Timestamp": 19176,
      "KeyName": "Left",
      "EventType": "KeyDown"
    },
    {
      "Timestamp": 19203,
      "KeyName": "Left",
      "EventType": "KeyDown"
    },
    {
      "Timestamp": 19234,
      "KeyName": "Left",
      "EventType": "KeyDown"
    },
    {
      "Timestamp": 19269,
      "KeyName": "Left",
      "EventType": "KeyDown"
    },
    {
      "Timestamp": 19302,
      "KeyName": "Left",
      "EventType": "KeyDown"
    },
    {
      "Timestamp": 19309,
      "KeyName": "Left",
      "EventType": "KeyUp"
    },
    {
      "Timestamp": 19611,
      "KeyName": "Left",
      "EventType": "KeyDown"
    },
    {
      "Timestamp": 20114,
      "KeyName": "Left",
      "EventType": "KeyDown"
    },
    {
      "Timestamp": 20146,
      "KeyName": "Left",
      "EventType": "KeyDown"
    },
    {
      "Timestamp": 20177,
      "KeyName": "Left",
      "EventType": "KeyDown"
    },
    {
      "Timestamp": 20210,
      "KeyName": "Left",
      "EventType": "KeyDown"
    },
    {
      "Timestamp": 20244,
      "KeyName": "Left",
      "EventType": "KeyDown"
    },
    {
      "Timestamp": 20278,
      "KeyName": "Left",
      "EventType": "KeyDown"
    },
    {
      "Timestamp": 20310,
      "KeyName": "Left",
      "EventType": "KeyDown"
    },
    {
      "Timestamp": 20343,
      "KeyName": "Left",
      "EventType": "KeyDown"
    },
    {
      "Timestamp": 20383,
      "KeyName": "Left",
      "EventType": "KeyDown"
    },
    {
      "Timestamp": 20408,
      "KeyName": "Left",
      "EventType": "KeyDown"
    },
    {
      "Timestamp": 20442,
      "KeyName": "Left",
      "EventType": "KeyDown"
    },
    {
      "Timestamp": 20475,
      "KeyName": "Left",
      "EventType": "KeyDown"
    },
    {
      "Timestamp": 20508,
      "KeyName": "Left",
      "EventType": "KeyDown"
    },
    {
      "Timestamp": 20542,
      "KeyName": "Left",
      "EventType": "KeyDown"
    },
    {
      "Timestamp": 20576,
      "KeyName": "Left",
      "EventType": "KeyDown"
    },
    {
      "Timestamp": 20607,
      "KeyName": "Left",
      "EventType": "KeyDown"
    },
    {
      "Timestamp": 20638,
      "KeyName": "Left",
      "EventType": "KeyDown"
    },
    {
      "Timestamp": 20671,
      "KeyName": "Left",
      "EventType": "KeyDown"
    },
    {
      "Timestamp": 20707,
      "KeyName": "Left",
      "EventType": "KeyDown"
    },
    {
      "Timestamp": 20738,
      "KeyName": "Left",
      "EventType": "KeyDown"
    },
    {
      "Timestamp": 20773,
      "KeyName": "Left",
      "EventType": "KeyDown"
    },
    {
      "Timestamp": 20804,
      "KeyName": "Left",
      "EventType": "KeyDown"
    },
    {
      "Timestamp": 20841,
      "KeyName": "Left",
      "EventType": "KeyDown"
    },
    {
      "Timestamp": 20870,
      "KeyName": "Left",
      "EventType": "KeyDown"
    },
    {
      "Timestamp": 20903,
      "KeyName": "Left",
      "EventType": "KeyDown"
    },
    {
      "Timestamp": 20932,
      "KeyName": "Left",
      "EventType": "KeyUp"
    },
    {
      "Timestamp": 21321,
      "KeyName": "Left",
      "EventType": "KeyDown"
    },
    {
      "Timestamp": 21822,
      "KeyName": "Left",
      "EventType": "KeyDown"
    },
    {
      "Timestamp": 21854,
      "KeyName": "Left",
      "EventType": "KeyDown"
    },
    {
      "Timestamp": 21890,
      "KeyName": "Left",
      "EventType": "KeyDown"
    },
    {
      "Timestamp": 21922,
      "KeyName": "Left",
      "EventType": "KeyDown"
    },
    {
      "Timestamp": 21954,
      "KeyName": "Left",
      "EventType": "KeyDown"
    },
    {
      "Timestamp": 21989,
      "KeyName": "Left",
      "EventType": "KeyDown"
    },
    {
      "Timestamp": 22019,
      "KeyName": "Left",
      "EventType": "KeyDown"
    },
    {
      "Timestamp": 22055,
      "KeyName": "Left",
      "EventType": "KeyDown"
    },
    {
      "Timestamp": 22086,
      "KeyName": "Left",
      "EventType": "KeyDown"
    },
    {
      "Timestamp": 22117,
      "KeyName": "Left",
      "EventType": "KeyDown"
    },
    {
      "Timestamp": 22152,
      "KeyName": "Left",
      "EventType": "KeyDown"
    },
    {
      "Timestamp": 22184,
      "KeyName": "Left",
      "EventType": "KeyDown"
    },
    {
      "Timestamp": 22217,
      "KeyName": "Left",
      "EventType": "KeyDown"
    },
    {
      "Timestamp": 22250,
      "KeyName": "Left",
      "EventType": "KeyDown"
    },
    {
      "Timestamp": 22287,
      "KeyName": "Left",
      "EventType": "KeyDown"
    },
    {
      "Timestamp": 22315,
      "KeyName": "Left",
      "EventType": "KeyDown"
    },
    {
      "Timestamp": 22353,
      "KeyName": "Left",
      "EventType": "KeyDown"
    },
    {
      "Timestamp": 22385,
      "KeyName": "Left",
      "EventType": "KeyDown"
    },
    {
      "Timestamp": 22421,
      "KeyName": "Left",
      "EventType": "KeyDown"
    },
    {
      "Timestamp": 22451,
      "KeyName": "Left",
      "EventType": "KeyDown"
    },
    {
      "Timestamp": 22488,
      "KeyName": "Left",
      "EventType": "KeyDown"
    },
    {
      "Timestamp": 22516,
      "KeyName": "Left",
      "EventType": "KeyDown"
    },
    {
      "Timestamp": 22552,
      "KeyName": "Left",
      "EventType": "KeyDown"
    },
    {
      "Timestamp": 22581,
      "KeyName": "Left",
      "EventType": "KeyDown"
    },
    {
      "Timestamp": 22611,
      "KeyName": "Left",
      "EventType": "KeyDown"
    },
    {
      "Timestamp": 22646,
      "KeyName": "Left",
      "EventType": "KeyDown"
    },
    {
      "Timestamp": 22673,
      "KeyName": "Left",
      "EventType": "KeyUp"
    },
    {
      "Timestamp": 22991,
      "KeyName": "Left",
      "EventType": "KeyDown"
    },
    {
      "Timestamp": 23492,
      "KeyName": "Left",
      "EventType": "KeyDown"
    },
    {
      "Timestamp": 23525,
      "KeyName": "Left",
      "EventType": "KeyDown"
    },
    {
      "Timestamp": 23560,
      "KeyName": "Left",
      "EventType": "KeyDown"
    },
    {
      "Timestamp": 23593,
      "KeyName": "Left",
      "EventType": "KeyDown"
    },
    {
      "Timestamp": 23625,
      "KeyName": "Left",
      "EventType": "KeyDown"
    },
    {
      "Timestamp": 23661,
      "KeyName": "Left",
      "EventType": "KeyDown"
    },
    {
      "Timestamp": 23692,
      "KeyName": "Left",
      "EventType": "KeyDown"
    },
    {
      "Timestamp": 23724,
      "KeyName": "Left",
      "EventType": "KeyDown"
    },
    {
      "Timestamp": 23756,
      "KeyName": "Left",
      "EventType": "KeyDown"
    },
    {
      "Timestamp": 23837,
      "KeyName": "Left",
      "EventType": "KeyDown"
    },
    {
      "Timestamp": 23862,
      "KeyName": "Left",
      "EventType": "KeyDown"
    },
    {
      "Timestamp": 23888,
      "KeyName": "Left",
      "EventType": "KeyDown"
    },
    {
      "Timestamp": 23921,
      "KeyName": "Left",
      "EventType": "KeyDown"
    },
    {
      "Timestamp": 23952,
      "KeyName": "Left",
      "EventType": "KeyDown"
    },
    {
      "Timestamp": 23986,
      "KeyName": "Left",
      "EventType": "KeyDown"
    },
    {
      "Timestamp": 24024,
      "KeyName": "Left",
      "EventType": "KeyDown"
    },
    {
      "Timestamp": 24052,
      "KeyName": "Left",
      "EventType": "KeyDown"
    },
    {
      "Timestamp": 24085,
      "KeyName": "Left",
      "EventType": "KeyDown"
    },
    {
      "Timestamp": 24121,
      "KeyName": "Left",
      "EventType": "KeyDown"
    },
    {
      "Timestamp": 24152,
      "KeyName": "Left",
      "EventType": "KeyDown"
    },
    {
      "Timestamp": 24185,
      "KeyName": "Left",
      "EventType": "KeyDown"
    },
    {
      "Timestamp": 24220,
      "KeyName": "Left",
      "EventType": "KeyDown"
    },
    {
      "Timestamp": 24252,
      "KeyName": "Left",
      "EventType": "KeyDown"
    },
    {
      "Timestamp": 24286,
      "KeyName": "Left",
      "EventType": "KeyDown"
    },
    {
      "Timestamp": 24313,
      "KeyName": "Left",
      "EventType": "KeyUp"
    },
    {
      "Timestamp": 24682,
      "KeyName": "Left",
      "EventType": "KeyDown"
    },
    {
      "Timestamp": 25183,
      "KeyName": "Left",
      "EventType": "KeyDown"
    },
    {
      "Timestamp": 25216,
      "KeyName": "Left",
      "EventType": "KeyDown"
    },
    {
      "Timestamp": 25248,
      "KeyName": "Left",
      "EventType": "KeyDown"
    },
    {
      "Timestamp": 25288,
      "KeyName": "Left",
      "EventType": "KeyDown"
    },
    {
      "Timestamp": 25313,
      "KeyName": "Left",
      "EventType": "KeyDown"
    },
    {
      "Timestamp": 25347,
      "KeyName": "Left",
      "EventType": "KeyDown"
    },
    {
      "Timestamp": 25382,
      "KeyName": "Left",
      "EventType": "KeyDown"
    },
    {
      "Timestamp": 25414,
      "KeyName": "Left",
      "EventType": "KeyDown"
    },
    {
      "Timestamp": 25446,
      "KeyName": "Left",
      "EventType": "KeyDown"
    },
    {
      "Timestamp": 25484,
      "KeyName": "Left",
      "EventType": "KeyDown"
    },
    {
      "Timestamp": 25510,
      "KeyName": "Left",
      "EventType": "KeyDown"
    },
    {
      "Timestamp": 25543,
      "KeyName": "Left",
      "EventType": "KeyDown"
    },
    {
      "Timestamp": 25578,
      "KeyName": "Left",
      "EventType": "KeyDown"
    },
    {
      "Timestamp": 25612,
      "KeyName": "Left",
      "EventType": "KeyDown"
    },
    {
      "Timestamp": 25643,
      "KeyName": "Left",
      "EventType": "KeyDown"
    },
    {
      "Timestamp": 25676,
      "KeyName": "Left",
      "EventType": "KeyDown"
    },
    {
      "Timestamp": 25709,
      "KeyName": "Left",
      "EventType": "KeyDown"
    },
    {
      "Timestamp": 25742,
      "KeyName": "Left",
      "EventType": "KeyDown"
    },
    {
      "Timestamp": 25775,
      "KeyName": "Left",
      "EventType": "KeyDown"
    },
    {
      "Timestamp": 25807,
      "KeyName": "Left",
      "EventType": "KeyDown"
    },
    {
      "Timestamp": 25843,
      "KeyName": "Left",
      "EventType": "KeyDown"
    },
    {
      "Timestamp": 25872,
      "KeyName": "Left",
      "EventType": "KeyDown"
    },
    {
      "Timestamp": 25906,
      "KeyName": "Left",
      "EventType": "KeyDown"
    },
    {
      "Timestamp": 25940,
      "KeyName": "Left",
      "EventType": "KeyDown"
    },
    {
      "Timestamp": 25973,
      "KeyName": "Left",
      "EventType": "KeyDown"
    },
    {
      "Timestamp": 26008,
      "KeyName": "Left",
      "EventType": "KeyDown"
    },
    {
      "Timestamp": 26012,
      "KeyName": "Left",
      "EventType": "KeyUp"
    },
    {
      "Timestamp": 26402,
      "KeyName": "Left",
      "EventType": "KeyDown"
    },
    {
      "Timestamp": 26903,
      "KeyName": "Left",
      "EventType": "KeyDown"
    },
    {
      "Timestamp": 26934,
      "KeyName": "Left",
      "EventType": "KeyDown"
    },
    {
      "Timestamp": 26967,
      "KeyName": "Left",
      "EventType": "KeyDown"
    },
    {
      "Timestamp": 27001,
      "KeyName": "Left",
      "EventType": "KeyDown"
    },
    {
      "Timestamp": 27034,
      "KeyName": "Left",
      "EventType": "KeyDown"
    },
    {
      "Timestamp": 27066,
      "KeyName": "Left",
      "EventType": "KeyDown"
    },
    {
      "Timestamp": 27100,
      "KeyName": "Left",
      "EventType": "KeyDown"
    },
    {
      "Timestamp": 27133,
      "KeyName": "Left",
      "EventType": "KeyDown"
    },
    {
      "Timestamp": 27166,
      "KeyName": "Left",
      "EventType": "KeyDown"
    },
    {
      "Timestamp": 27200,
      "KeyName": "Left",
      "EventType": "KeyDown"
    },
    {
      "Timestamp": 27233,
      "KeyName": "Left",
      "EventType": "KeyDown"
    },
    {
      "Timestamp": 27264,
      "KeyName": "Left",
      "EventType": "KeyDown"
    },
    {
      "Timestamp": 27298,
      "KeyName": "Left",
      "EventType": "KeyDown"
    },
    {
      "Timestamp": 27334,
      "KeyName": "Left",
      "EventType": "KeyDown"
    },
    {
      "Timestamp": 27362,
      "KeyName": "Left",
      "EventType": "KeyDown"
    },
    {
      "Timestamp": 27397,
      "KeyName": "Left",
      "EventType": "KeyDown"
    },
    {
      "Timestamp": 27429,
      "KeyName": "Left",
      "EventType": "KeyDown"
    },
    {
      "Timestamp": 27465,
      "KeyName": "Left",
      "EventType": "KeyDown"
    },
    {
      "Timestamp": 27495,
      "KeyName": "Left",
      "EventType": "KeyDown"
    },
    {
      "Timestamp": 27526,
      "KeyName": "Left",
      "EventType": "KeyDown"
    },
    {
      "Timestamp": 27565,
      "KeyName": "Left",
      "EventType": "KeyDown"
    },
    {
      "Timestamp": 27592,
      "KeyName": "Left",
      "EventType": "KeyDown"
    },
    {
      "Timestamp": 27627,
      "KeyName": "Left",
      "EventType": "KeyDown"
    },
    {
      "Timestamp": 27643,
      "KeyName": "Left",
      "EventType": "KeyUp"
    },
    {
      "Timestamp": 28051,
      "KeyName": "Left",
      "EventType": "KeyDown"
    },
    {
      "Timestamp": 28551,
      "KeyName": "Left",
      "EventType": "KeyDown"
    },
    {
      "Timestamp": 28585,
      "KeyName": "Left",
      "EventType": "KeyDown"
    },
    {
      "Timestamp": 28622,
      "KeyName": "Left",
      "EventType": "KeyDown"
    },
    {
      "Timestamp": 28653,
      "KeyName": "Left",
      "EventType": "KeyDown"
    },
    {
      "Timestamp": 28685,
      "KeyName": "Left",
      "EventType": "KeyDown"
    },
    {
      "Timestamp": 28716,
      "KeyName": "Left",
      "EventType": "KeyDown"
    },
    {
      "Timestamp": 28750,
      "KeyName": "Left",
      "EventType": "KeyDown"
    },
    {
      "Timestamp": 28787,
      "KeyName": "Left",
      "EventType": "KeyDown"
    },
    {
      "Timestamp": 28816,
      "KeyName": "Left",
      "EventType": "KeyDown"
    },
    {
      "Timestamp": 28848,
      "KeyName": "Left",
      "EventType": "KeyDown"
    },
    {
      "Timestamp": 28888,
      "KeyName": "Left",
      "EventType": "KeyDown"
    },
    {
      "Timestamp": 28916,
      "KeyName": "Left",
      "EventType": "KeyDown"
    },
    {
      "Timestamp": 28948,
      "KeyName": "Left",
      "EventType": "KeyDown"
    },
    {
      "Timestamp": 28980,
      "KeyName": "Left",
      "EventType": "KeyDown"
    },
    {
      "Timestamp": 29018,
      "KeyName": "Left",
      "EventType": "KeyDown"
    },
    {
      "Timestamp": 29049,
      "KeyName": "Left",
      "EventType": "KeyDown"
    },
    {
      "Timestamp": 29085,
      "KeyName": "Left",
      "EventType": "KeyDown"
    },
    {
      "Timestamp": 29113,
      "KeyName": "Left",
      "EventType": "KeyDown"
    },
    {
      "Timestamp": 29145,
      "KeyName": "Left",
      "EventType": "KeyDown"
    },
    {
      "Timestamp": 29178,
      "KeyName": "Left",
      "EventType": "KeyDown"
    },
    {
      "Timestamp": 29211,
      "KeyName": "Left",
      "EventType": "KeyDown"
    },
    {
      "Timestamp": 29244,
      "KeyName": "Left",
      "EventType": "KeyDown"
    },
    {
      "Timestamp": 29277,
      "KeyName": "Left",
      "EventType": "KeyDown"
    },
    {
      "Timestamp": 29309,
      "KeyName": "Left",
      "EventType": "KeyDown"
    },
    {
      "Timestamp": 29341,
      "KeyName": "Left",
      "EventType": "KeyUp"
    },
    {
      "Timestamp": 29740,
      "KeyName": "Left",
      "EventType": "KeyDown"
    },
    {
      "Timestamp": 30242,
      "KeyName": "Left",
      "EventType": "KeyDown"
    },
    {
      "Timestamp": 30278,
      "KeyName": "Left",
      "EventType": "KeyDown"
    },
    {
      "Timestamp": 30307,
      "KeyName": "Left",
      "EventType": "KeyDown"
    },
    {
      "Timestamp": 30342,
      "KeyName": "Left",
      "EventType": "KeyDown"
    },
    {
      "Timestamp": 30373,
      "KeyName": "Left",
      "EventType": "KeyDown"
    },
    {
      "Timestamp": 30407,
      "KeyName": "Left",
      "EventType": "KeyDown"
    },
    {
      "Timestamp": 30443,
      "KeyName": "Left",
      "EventType": "KeyDown"
    },
    {
      "Timestamp": 30472,
      "KeyName": "Left",
      "EventType": "KeyDown"
    },
    {
      "Timestamp": 30505,
      "KeyName": "Left",
      "EventType": "KeyDown"
    },
    {
      "Timestamp": 30539,
      "KeyName": "Left",
      "EventType": "KeyDown"
    },
    {
      "Timestamp": 30571,
      "KeyName": "Left",
      "EventType": "KeyDown"
    },
    {
      "Timestamp": 30604,
      "KeyName": "Left",
      "EventType": "KeyDown"
    },
    {
      "Timestamp": 30637,
      "KeyName": "Left",
      "EventType": "KeyDown"
    },
    {
      "Timestamp": 30669,
      "KeyName": "Left",
      "EventType": "KeyDown"
    },
    {
      "Timestamp": 30703,
      "KeyName": "Left",
      "EventType": "KeyDown"
    },
    {
      "Timestamp": 30735,
      "KeyName": "Left",
      "EventType": "KeyDown"
    },
    {
      "Timestamp": 30770,
      "KeyName": "Left",
      "EventType": "KeyDown"
    },
    {
      "Timestamp": 30801,
      "KeyName": "Left",
      "EventType": "KeyDown"
    },
    {
      "Timestamp": 30835,
      "KeyName": "Left",
      "EventType": "KeyDown"
    },
    {
      "Timestamp": 30867,
      "KeyName": "Left",
      "EventType": "KeyDown"
    },
    {
      "Timestamp": 30903,
      "KeyName": "Left",
      "EventType": "KeyDown"
    },
    {
      "Timestamp": 30935,
      "KeyName": "Left",
      "EventType": "KeyDown"
    },
    {
      "Timestamp": 30968,
      "KeyName": "Left",
      "EventType": "KeyDown"
    },
    {
      "Timestamp": 31001,
      "KeyName": "Left",
      "EventType": "KeyDown"
    },
    {
      "Timestamp": 31031,
      "KeyName": "Left",
      "EventType": "KeyUp"
    },
    {
      "Timestamp": 31410,
      "KeyName": "Left",
      "EventType": "KeyDown"
    },
    {
      "Timestamp": 31912,
      "KeyName": "Left",
      "EventType": "KeyDown"
    },
    {
      "Timestamp": 31944,
      "KeyName": "Left",
      "EventType": "KeyDown"
    },
    {
      "Timestamp": 31983,
      "KeyName": "Left",
      "EventType": "KeyDown"
    },
    {
      "Timestamp": 32011,
      "KeyName": "Left",
      "EventType": "KeyDown"
    },
    {
      "Timestamp": 32045,
      "KeyName": "Left",
      "EventType": "KeyDown"
    },
    {
      "Timestamp": 32077,
      "KeyName": "Left",
      "EventType": "KeyDown"
    },
    {
      "Timestamp": 32114,
      "KeyName": "Left",
      "EventType": "KeyDown"
    },
    {
      "Timestamp": 32144,
      "KeyName": "Left",
      "EventType": "KeyDown"
    },
    {
      "Timestamp": 32177,
      "KeyName": "Left",
      "EventType": "KeyDown"
    },
    {
      "Timestamp": 32209,
      "KeyName": "Left",
      "EventType": "KeyDown"
    },
    {
      "Timestamp": 32243,
      "KeyName": "Left",
      "EventType": "KeyDown"
    },
    {
      "Timestamp": 32275,
      "KeyName": "Left",
      "EventType": "KeyDown"
    },
    {
      "Timestamp": 32307,
      "KeyName": "Left",
      "EventType": "KeyDown"
    },
    {
      "Timestamp": 32342,
      "KeyName": "Left",
      "EventType": "KeyDown"
    },
    {
      "Timestamp": 32374,
      "KeyName": "Left",
      "EventType": "KeyDown"
    },
    {
      "Timestamp": 32406,
      "KeyName": "Left",
      "EventType": "KeyDown"
    },
    {
      "Timestamp": 32439,
      "KeyName": "Left",
      "EventType": "KeyDown"
    },
    {
      "Timestamp": 32472,
      "KeyName": "Left",
      "EventType": "KeyDown"
    },
    {
      "Timestamp": 32504,
      "KeyName": "Left",
      "EventType": "KeyDown"
    },
    {
      "Timestamp": 32540,
      "KeyName": "Left",
      "EventType": "KeyDown"
    },
    {
      "Timestamp": 32572,
      "KeyName": "Left",
      "EventType": "KeyDown"
    },
    {
      "Timestamp": 32604,
      "KeyName": "Left",
      "EventType": "KeyDown"
    },
    {
      "Timestamp": 32640,
      "KeyName": "Left",
      "EventType": "KeyDown"
    },
    {
      "Timestamp": 32670,
      "KeyName": "Left",
      "EventType": "KeyDown"
    },
    {
      "Timestamp": 32705,
      "KeyName": "Left",
      "EventType": "KeyDown"
    },
    {
      "Timestamp": 32737,
      "KeyName": "Left",
      "EventType": "KeyDown"
    },
    {
      "Timestamp": 32773,
      "KeyName": "Left",
      "EventType": "KeyDown"
    },
    {
      "Timestamp": 32790,
      "KeyName": "Left",
      "EventType": "KeyUp"
    },
    {
      "Timestamp": 33211,
      "KeyName": "Left",
      "EventType": "KeyDown"
    },
    {
      "Timestamp": 33711,
      "KeyName": "Left",
      "EventType": "KeyDown"
    },
    {
      "Timestamp": 33745,
      "KeyName": "Left",
      "EventType": "KeyDown"
    },
    {
      "Timestamp": 33778,
      "KeyName": "Left",
      "EventType": "KeyDown"
    },
    {
      "Timestamp": 33811,
      "KeyName": "Left",
      "EventType": "KeyDown"
    },
    {
      "Timestamp": 33844,
      "KeyName": "Left",
      "EventType": "KeyDown"
    },
    {
      "Timestamp": 33882,
      "KeyName": "Left",
      "EventType": "KeyDown"
    },
    {
      "Timestamp": 33909,
      "KeyName": "Left",
      "EventType": "KeyDown"
    },
    {
      "Timestamp": 33942,
      "KeyName": "Left",
      "EventType": "KeyDown"
    },
    {
      "Timestamp": 33975,
      "KeyName": "Left",
      "EventType": "KeyDown"
    },
    {
      "Timestamp": 34010,
      "KeyName": "Left",
      "EventType": "KeyDown"
    },
    {
      "Timestamp": 34043,
      "KeyName": "Left",
      "EventType": "KeyDown"
    },
    {
      "Timestamp": 34076,
      "KeyName": "Left",
      "EventType": "KeyDown"
    },
    {
      "Timestamp": 34108,
      "KeyName": "Left",
      "EventType": "KeyDown"
    },
    {
      "Timestamp": 34143,
      "KeyName": "Left",
      "EventType": "KeyDown"
    },
    {
      "Timestamp": 34173,
      "KeyName": "Left",
      "EventType": "KeyDown"
    },
    {
      "Timestamp": 34209,
      "KeyName": "Left",
      "EventType": "KeyDown"
    },
    {
      "Timestamp": 34240,
      "KeyName": "Left",
      "EventType": "KeyDown"
    },
    {
      "Timestamp": 34272,
      "KeyName": "Left",
      "EventType": "KeyDown"
    },
    {
      "Timestamp": 34305,
      "KeyName": "Left",
      "EventType": "KeyDown"
    },
    {
      "Timestamp": 34341,
      "KeyName": "Left",
      "EventType": "KeyDown"
    },
    {
      "Timestamp": 34372,
      "KeyName": "Left",
      "EventType": "KeyDown"
    },
    {
      "Timestamp": 34405,
      "KeyName": "Left",
      "EventType": "KeyDown"
    },
    {
      "Timestamp": 34438,
      "KeyName": "Left",
      "EventType": "KeyDown"
    },
    {
      "Timestamp": 34462,
      "KeyName": "Left",
      "EventType": "KeyUp"
    },
    {
      "Timestamp": 34834,
      "KeyName": "Left",
      "EventType": "KeyDown"
    },
    {
      "Timestamp": 35334,
      "KeyName": "Left",
      "EventType": "KeyDown"
    },
    {
      "Timestamp": 35366,
      "KeyName": "Left",
      "EventType": "KeyDown"
    },
    {
      "Timestamp": 35399,
      "KeyName": "Left",
      "EventType": "KeyDown"
    },
    {
      "Timestamp": 35432,
      "KeyName": "Left",
      "EventType": "KeyDown"
    },
    {
      "Timestamp": 35462,
      "KeyName": "Left",
      "EventType": "KeyDown"
    },
    {
      "Timestamp": 35498,
      "KeyName": "Left",
      "EventType": "KeyDown"
    },
    {
      "Timestamp": 35529,
      "KeyName": "Left",
      "EventType": "KeyDown"
    },
    {
      "Timestamp": 35565,
      "KeyName": "Left",
      "EventType": "KeyDown"
    },
    {
      "Timestamp": 35599,
      "KeyName": "Left",
      "EventType": "KeyDown"
    },
    {
      "Timestamp": 35632,
      "KeyName": "Left",
      "EventType": "KeyDown"
    },
    {
      "Timestamp": 35662,
      "KeyName": "Left",
      "EventType": "KeyDown"
    },
    {
      "Timestamp": 35694,
      "KeyName": "Left",
      "EventType": "KeyDown"
    },
    {
      "Timestamp": 35727,
      "KeyName": "Left",
      "EventType": "KeyDown"
    },
    {
      "Timestamp": 35761,
      "KeyName": "Left",
      "EventType": "KeyDown"
    },
    {
      "Timestamp": 35792,
      "KeyName": "Left",
      "EventType": "KeyDown"
    },
    {
      "Timestamp": 35827,
      "KeyName": "Left",
      "EventType": "KeyDown"
    },
    {
      "Timestamp": 35858,
      "KeyName": "Left",
      "EventType": "KeyDown"
    },
    {
      "Timestamp": 35893,
      "KeyName": "Left",
      "EventType": "KeyDown"
    },
    {
      "Timestamp": 35925,
      "KeyName": "Left",
      "EventType": "KeyDown"
    },
    {
      "Timestamp": 35957,
      "KeyName": "Left",
      "EventType": "KeyDown"
    },
    {
      "Timestamp": 35993,
      "KeyName": "Left",
      "EventType": "KeyDown"
    },
    {
      "Timestamp": 36026,
      "KeyName": "Left",
      "EventType": "KeyDown"
    },
    {
      "Timestamp": 36058,
      "KeyName": "Left",
      "EventType": "KeyDown"
    },
    {
      "Timestamp": 36089,
      "KeyName": "Left",
      "EventType": "KeyUp"
    },
    {
      "Timestamp": 36403,
      "KeyName": "Left",
      "EventType": "KeyDown"
    },
    {
      "Timestamp": 36901,
      "KeyName": "Left",
      "EventType": "KeyDown"
    },
    {
      "Timestamp": 36934,
      "KeyName": "Left",
      "EventType": "KeyDown"
    },
    {
      "Timestamp": 36968,
      "KeyName": "Left",
      "EventType": "KeyDown"
    },
    {
      "Timestamp": 37000,
      "KeyName": "Left",
      "EventType": "KeyDown"
    },
    {
      "Timestamp": 37033,
      "KeyName": "Left",
      "EventType": "KeyDown"
    },
    {
      "Timestamp": 37067,
      "KeyName": "Left",
      "EventType": "KeyDown"
    },
    {
      "Timestamp": 37102,
      "KeyName": "Left",
      "EventType": "KeyDown"
    },
    {
      "Timestamp": 37132,
      "KeyName": "Left",
      "EventType": "KeyDown"
    },
    {
      "Timestamp": 37166,
      "KeyName": "Left",
      "EventType": "KeyDown"
    },
    {
      "Timestamp": 37198,
      "KeyName": "Left",
      "EventType": "KeyDown"
    },
    {
      "Timestamp": 37233,
      "KeyName": "Left",
      "EventType": "KeyDown"
    },
    {
      "Timestamp": 37265,
      "KeyName": "Left",
      "EventType": "KeyDown"
    },
    {
      "Timestamp": 37299,
      "KeyName": "Left",
      "EventType": "KeyDown"
    },
    {
      "Timestamp": 37332,
      "KeyName": "Left",
      "EventType": "KeyDown"
    },
    {
      "Timestamp": 37367,
      "KeyName": "Left",
      "EventType": "KeyDown"
    },
    {
      "Timestamp": 37399,
      "KeyName": "Left",
      "EventType": "KeyDown"
    },
    {
      "Timestamp": 37432,
      "KeyName": "Left",
      "EventType": "KeyDown"
    },
    {
      "Timestamp": 37467,
      "KeyName": "Left",
      "EventType": "KeyDown"
    },
    {
      "Timestamp": 37496,
      "KeyName": "Left",
      "EventType": "KeyDown"
    },
    {
      "Timestamp": 37527,
      "KeyName": "Left",
      "EventType": "KeyDown"
    },
    {
      "Timestamp": 37562,
      "KeyName": "Left",
      "EventType": "KeyDown"
    },
    {
      "Timestamp": 37594,
      "KeyName": "Left",
      "EventType": "KeyDown"
    },
    {
      "Timestamp": 37627,
      "KeyName": "Left",
      "EventType": "KeyDown"
    },
    {
      "Timestamp": 37641,
      "KeyName": "Left",
      "EventType": "KeyUp"
    },
    {
      "Timestamp": 38001,
      "KeyName": "Left",
      "EventType": "KeyDown"
    },
    {
      "Timestamp": 38503,
      "KeyName": "Left",
      "EventType": "KeyDown"
    },
    {
      "Timestamp": 38541,
      "KeyName": "Left",
      "EventType": "KeyDown"
    },
    {
      "Timestamp": 38569,
      "KeyName": "Left",
      "EventType": "KeyDown"
    },
    {
      "Timestamp": 38601,
      "KeyName": "Left",
      "EventType": "KeyDown"
    },
    {
      "Timestamp": 38634,
      "KeyName": "Left",
      "EventType": "KeyDown"
    },
    {
      "Timestamp": 38668,
      "KeyName": "Left",
      "EventType": "KeyDown"
    },
    {
      "Timestamp": 38700,
      "KeyName": "Left",
      "EventType": "KeyDown"
    },
    {
      "Timestamp": 38733,
      "KeyName": "Left",
      "EventType": "KeyDown"
    },
    {
      "Timestamp": 38766,
      "KeyName": "Left",
      "EventType": "KeyDown"
    },
    {
      "Timestamp": 38798,
      "KeyName": "Left",
      "EventType": "KeyDown"
    },
    {
      "Timestamp": 38832,
      "KeyName": "Left",
      "EventType": "KeyDown"
    },
    {
      "Timestamp": 38868,
      "KeyName": "Left",
      "EventType": "KeyDown"
    },
    {
      "Timestamp": 38948,
      "KeyName": "Left",
      "EventType": "KeyDown"
    },
    {
      "Timestamp": 38969,
      "KeyName": "Left",
      "EventType": "KeyDown"
    },
    {
      "Timestamp": 38995,
      "KeyName": "Left",
      "EventType": "KeyDown"
    },
    {
      "Timestamp": 39029,
      "KeyName": "Left",
      "EventType": "KeyDown"
    },
    {
      "Timestamp": 39060,
      "KeyName": "Left",
      "EventType": "KeyDown"
    },
    {
      "Timestamp": 39095,
      "KeyName": "Left",
      "EventType": "KeyDown"
    },
    {
      "Timestamp": 39129,
      "KeyName": "Left",
      "EventType": "KeyDown"
    },
    {
      "Timestamp": 39161,
      "KeyName": "Left",
      "EventType": "KeyDown"
    },
    {
      "Timestamp": 39194,
      "KeyName": "Left",
      "EventType": "KeyDown"
    },
    {
      "Timestamp": 39226,
      "KeyName": "Left",
      "EventType": "KeyDown"
    },
    {
      "Timestamp": 39260,
      "KeyName": "Left",
      "EventType": "KeyDown"
    },
    {
      "Timestamp": 39292,
      "KeyName": "Left",
      "EventType": "KeyDown"
    },
    {
      "Timestamp": 39326,
      "KeyName": "Left",
      "EventType": "KeyDown"
    },
    {
      "Timestamp": 39332,
      "KeyName": "Left",
      "EventType": "KeyUp"
    },
    {
      "Timestamp": 39603,
      "KeyName": "Left",
      "EventType": "KeyDown"
    },
    {
      "Timestamp": 40102,
      "KeyName": "Left",
      "EventType": "KeyDown"
    },
    {
      "Timestamp": 40135,
      "KeyName": "Left",
      "EventType": "KeyDown"
    },
    {
      "Timestamp": 40167,
      "KeyName": "Left",
      "EventType": "KeyDown"
    },
    {
      "Timestamp": 40200,
      "KeyName": "Left",
      "EventType": "KeyDown"
    },
    {
      "Timestamp": 40234,
      "KeyName": "Left",
      "EventType": "KeyDown"
    },
    {
      "Timestamp": 40268,
      "KeyName": "Left",
      "EventType": "KeyDown"
    },
    {
      "Timestamp": 40301,
      "KeyName": "Left",
      "EventType": "KeyDown"
    },
    {
      "Timestamp": 40332,
      "KeyName": "Left",
      "EventType": "KeyDown"
    },
    {
      "Timestamp": 40366,
      "KeyName": "Left",
      "EventType": "KeyDown"
    },
    {
      "Timestamp": 40400,
      "KeyName": "Left",
      "EventType": "KeyDown"
    },
    {
      "Timestamp": 40432,
      "KeyName": "Left",
      "EventType": "KeyDown"
    },
    {
      "Timestamp": 40466,
      "KeyName": "Left",
      "EventType": "KeyDown"
    },
    {
      "Timestamp": 40499,
      "KeyName": "Left",
      "EventType": "KeyDown"
    },
    {
      "Timestamp": 40532,
      "KeyName": "Left",
      "EventType": "KeyDown"
    },
    {
      "Timestamp": 40562,
      "KeyName": "Left",
      "EventType": "KeyDown"
    },
    {
      "Timestamp": 40601,
      "KeyName": "Left",
      "EventType": "KeyDown"
    },
    {
      "Timestamp": 40634,
      "KeyName": "Left",
      "EventType": "KeyDown"
    },
    {
      "Timestamp": 40666,
      "KeyName": "Left",
      "EventType": "KeyDown"
    },
    {
      "Timestamp": 40695,
      "KeyName": "Left",
      "EventType": "KeyDown"
    },
    {
      "Timestamp": 40729,
      "KeyName": "Left",
      "EventType": "KeyDown"
    },
    {
      "Timestamp": 40761,
      "KeyName": "Left",
      "EventType": "KeyDown"
    },
    {
      "Timestamp": 40793,
      "KeyName": "Left",
      "EventType": "KeyDown"
    },
    {
      "Timestamp": 40827,
      "KeyName": "Left",
      "EventType": "KeyDown"
    },
    {
      "Timestamp": 40859,
      "KeyName": "Left",
      "EventType": "KeyDown"
    },
    {
      "Timestamp": 40894,
      "KeyName": "Left",
      "EventType": "KeyDown"
    },
    {
      "Timestamp": 40921,
      "KeyName": "Left",
      "EventType": "KeyUp"
    },
    {
      "Timestamp": 41322,
      "KeyName": "Left",
      "EventType": "KeyDown"
    },
    {
      "Timestamp": 41822,
      "KeyName": "Left",
      "EventType": "KeyDown"
    },
    {
      "Timestamp": 41857,
      "KeyName": "Left",
      "EventType": "KeyDown"
    },
    {
      "Timestamp": 41893,
      "KeyName": "Left",
      "EventType": "KeyDown"
    },
    {
      "Timestamp": 41920,
      "KeyName": "Left",
      "EventType": "KeyDown"
    },
    {
      "Timestamp": 41955,
      "KeyName": "Left",
      "EventType": "KeyDown"
    },
    {
      "Timestamp": 41988,
      "KeyName": "Left",
      "EventType": "KeyDown"
    },
    {
      "Timestamp": 42021,
      "KeyName": "Left",
      "EventType": "KeyDown"
    },
    {
      "Timestamp": 42053,
      "KeyName": "Left",
      "EventType": "KeyDown"
    },
    {
      "Timestamp": 42085,
      "KeyName": "Left",
      "EventType": "KeyDown"
    },
    {
      "Timestamp": 42121,
      "KeyName": "Left",
      "EventType": "KeyDown"
    },
    {
      "Timestamp": 42153,
      "KeyName": "Left",
      "EventType": "KeyDown"
    },
    {
      "Timestamp": 42186,
      "KeyName": "Left",
      "EventType": "KeyDown"
    },
    {
      "Timestamp": 42219,
      "KeyName": "Left",
      "EventType": "KeyDown"
    },
    {
      "Timestamp": 42253,
      "KeyName": "Left",
      "EventType": "KeyDown"
    },
    {
      "Timestamp": 42285,
      "KeyName": "Left",
      "EventType": "KeyDown"
    },
    {
      "Timestamp": 42320,
      "KeyName": "Left",
      "EventType": "KeyDown"
    },
    {
      "Timestamp": 42349,
      "KeyName": "Left",
      "EventType": "KeyDown"
    },
    {
      "Timestamp": 42384,
      "KeyName": "Left",
      "EventType": "KeyDown"
    },
    {
      "Timestamp": 42420,
      "KeyName": "Left",
      "EventType": "KeyDown"
    },
    {
      "Timestamp": 42452,
      "KeyName": "Left",
      "EventType": "KeyDown"
    },
    {
      "Timestamp": 42483,
      "KeyName": "Left",
      "EventType": "KeyDown"
    },
    {
      "Timestamp": 42520,
      "KeyName": "Left",
      "EventType": "KeyDown"
    },
    {
      "Timestamp": 42550,
      "KeyName": "Left",
      "EventType": "KeyDown"
    },
    {
      "Timestamp": 42586,
      "KeyName": "Left",
      "EventType": "KeyDown"
    },
    {
      "Timestamp": 42601,
      "KeyName": "Left",
      "EventType": "KeyUp"
    },
    {
      "Timestamp": 43032,
      "KeyName": "Left",
      "EventType": "KeyDown"
    },
    {
      "Timestamp": 43532,
      "KeyName": "Left",
      "EventType": "KeyDown"
    },
    {
      "Timestamp": 43567,
      "KeyName": "Left",
      "EventType": "KeyDown"
    },
    {
      "Timestamp": 43599,
      "KeyName": "Left",
      "EventType": "KeyDown"
    },
    {
      "Timestamp": 43631,
      "KeyName": "Left",
      "EventType": "KeyDown"
    },
    {
      "Timestamp": 43663,
      "KeyName": "Left",
      "EventType": "KeyDown"
    },
    {
      "Timestamp": 43697,
      "KeyName": "Left",
      "EventType": "KeyDown"
    },
    {
      "Timestamp": 43729,
      "KeyName": "Left",
      "EventType": "KeyDown"
    },
    {
      "Timestamp": 43762,
      "KeyName": "Left",
      "EventType": "KeyDown"
    },
    {
      "Timestamp": 43795,
      "KeyName": "Left",
      "EventType": "KeyDown"
    },
    {
      "Timestamp": 43828,
      "KeyName": "Left",
      "EventType": "KeyDown"
    },
    {
      "Timestamp": 43862,
      "KeyName": "Left",
      "EventType": "KeyDown"
    },
    {
      "Timestamp": 43894,
      "KeyName": "Left",
      "EventType": "KeyDown"
    },
    {
      "Timestamp": 43928,
      "KeyName": "Left",
      "EventType": "KeyDown"
    },
    {
      "Timestamp": 43959,
      "KeyName": "Left",
      "EventType": "KeyDown"
    },
    {
      "Timestamp": 43994,
      "KeyName": "Left",
      "EventType": "KeyDown"
    },
    {
      "Timestamp": 44028,
      "KeyName": "Left",
      "EventType": "KeyDown"
    },
    {
      "Timestamp": 44059,
      "KeyName": "Left",
      "EventType": "KeyDown"
    },
    {
      "Timestamp": 44093,
      "KeyName": "Left",
      "EventType": "KeyDown"
    },
    {
      "Timestamp": 44128,
      "KeyName": "Left",
      "EventType": "KeyDown"
    },
    {
      "Timestamp": 44159,
      "KeyName": "Left",
      "EventType": "KeyDown"
    },
    {
      "Timestamp": 44193,
      "KeyName": "Left",
      "EventType": "KeyDown"
    },
    {
      "Timestamp": 44223,
      "KeyName": "Left",
      "EventType": "KeyDown"
    },
    {
      "Timestamp": 44260,
      "KeyName": "Left",
      "EventType": "KeyDown"
    },
    {
      "Timestamp": 44270,
      "KeyName": "Left",
      "EventType": "KeyUp"
    },
    {
      "Timestamp": 44660,
      "KeyName": "Left",
      "EventType": "KeyDown"
    },
    {
      "Timestamp": 45164,
      "KeyName": "Left",
      "EventType": "KeyDown"
    },
    {
      "Timestamp": 45196,
      "KeyName": "Left",
      "EventType": "KeyDown"
    },
    {
      "Timestamp": 45230,
      "KeyName": "Left",
      "EventType": "KeyDown"
    },
    {
      "Timestamp": 45263,
      "KeyName": "Left",
      "EventType": "KeyDown"
    },
    {
      "Timestamp": 45296,
      "KeyName": "Left",
      "EventType": "KeyDown"
    },
    {
      "Timestamp": 45329,
      "KeyName": "Left",
      "EventType": "KeyDown"
    },
    {
      "Timestamp": 45361,
      "KeyName": "Left",
      "EventType": "KeyDown"
    },
    {
      "Timestamp": 45394,
      "KeyName": "Left",
      "EventType": "KeyDown"
    },
    {
      "Timestamp": 45426,
      "KeyName": "Left",
      "EventType": "KeyDown"
    },
    {
      "Timestamp": 45460,
      "KeyName": "Left",
      "EventType": "KeyDown"
    },
    {
      "Timestamp": 45491,
      "KeyName": "Left",
      "EventType": "KeyDown"
    },
    {
      "Timestamp": 45525,
      "KeyName": "Left",
      "EventType": "KeyDown"
    },
    {
      "Timestamp": 45556,
      "KeyName": "Left",
      "EventType": "KeyDown"
    },
    {
      "Timestamp": 45590,
      "KeyName": "Left",
      "EventType": "KeyDown"
    },
    {
      "Timestamp": 45624,
      "KeyName": "Left",
      "EventType": "KeyDown"
    },
    {
      "Timestamp": 45661,
      "KeyName": "Left",
      "EventType": "KeyDown"
    },
    {
      "Timestamp": 45692,
      "KeyName": "Left",
      "EventType": "KeyDown"
    },
    {
      "Timestamp": 45726,
      "KeyName": "Left",
      "EventType": "KeyDown"
    },
    {
      "Timestamp": 45756,
      "KeyName": "Left",
      "EventType": "KeyDown"
    },
    {
      "Timestamp": 45793,
      "KeyName": "Left",
      "EventType": "KeyDown"
    },
    {
      "Timestamp": 45830,
      "KeyName": "Left",
      "EventType": "KeyDown"
    },
    {
      "Timestamp": 45855,
      "KeyName": "Left",
      "EventType": "KeyDown"
    },
    {
      "Timestamp": 45888,
      "KeyName": "Left",
      "EventType": "KeyDown"
    },
    {
      "Timestamp": 45920,
      "KeyName": "Left",
      "EventType": "KeyDown"
    },
    {
      "Timestamp": 45953,
      "KeyName": "Left",
      "EventType": "KeyDown"
    },
    {
      "Timestamp": 45987,
      "KeyName": "Left",
      "EventType": "KeyDown"
    },
    {
      "Timestamp": 45991,
      "KeyName": "Left",
      "EventType": "KeyUp"
    },
    {
      "Timestamp": 46442,
      "KeyName": "Left",
      "EventType": "KeyDown"
    },
    {
      "Timestamp": 46944,
      "KeyName": "Left",
      "EventType": "KeyDown"
    },
    {
      "Timestamp": 46977,
      "KeyName": "Left",
      "EventType": "KeyDown"
    },
    {
      "Timestamp": 47011,
      "KeyName": "Left",
      "EventType": "KeyDown"
    },
    {
      "Timestamp": 47043,
      "KeyName": "Left",
      "EventType": "KeyDown"
    },
    {
      "Timestamp": 47071,
      "KeyName": "Left",
      "EventType": "KeyDown"
    },
    {
      "Timestamp": 47106,
      "KeyName": "Left",
      "EventType": "KeyDown"
    },
    {
      "Timestamp": 47141,
      "KeyName": "Left",
      "EventType": "KeyDown"
    },
    {
      "Timestamp": 47172,
      "KeyName": "Left",
      "EventType": "KeyDown"
    },
    {
      "Timestamp": 47205,
      "KeyName": "Left",
      "EventType": "KeyDown"
    },
    {
      "Timestamp": 47238,
      "KeyName": "Left",
      "EventType": "KeyDown"
    },
    {
      "Timestamp": 47272,
      "KeyName": "Left",
      "EventType": "KeyDown"
    },
    {
      "Timestamp": 47304,
      "KeyName": "Left",
      "EventType": "KeyDown"
    },
    {
      "Timestamp": 47337,
      "KeyName": "Left",
      "EventType": "KeyDown"
    },
    {
      "Timestamp": 47369,
      "KeyName": "Left",
      "EventType": "KeyDown"
    },
    {
      "Timestamp": 47403,
      "KeyName": "Left",
      "EventType": "KeyDown"
    },
    {
      "Timestamp": 47436,
      "KeyName": "Left",
      "EventType": "KeyDown"
    },
    {
      "Timestamp": 47468,
      "KeyName": "Left",
      "EventType": "KeyDown"
    },
    {
      "Timestamp": 47506,
      "KeyName": "Left",
      "EventType": "KeyDown"
    },
    {
      "Timestamp": 47535,
      "KeyName": "Left",
      "EventType": "KeyDown"
    },
    {
      "Timestamp": 47571,
      "KeyName": "Left",
      "EventType": "KeyDown"
    },
    {
      "Timestamp": 47602,
      "KeyName": "Left",
      "EventType": "KeyDown"
    },
    {
      "Timestamp": 47635,
      "KeyName": "Left",
      "EventType": "KeyDown"
    },
    {
      "Timestamp": 47667,
      "KeyName": "Left",
      "EventType": "KeyDown"
    },
    {
      "Timestamp": 47701,
      "KeyName": "Left",
      "EventType": "KeyDown"
    },
    {
      "Timestamp": 47702,
      "KeyName": "Left",
      "EventType": "KeyUp"
    },
    {
      "Timestamp": 48262,
      "KeyName": "Left",
      "EventType": "KeyDown"
    },
    {
      "Timestamp": 48764,
      "KeyName": "Left",
      "EventType": "KeyDown"
    },
    {
      "Timestamp": 48796,
      "KeyName": "Left",
      "EventType": "KeyDown"
    },
    {
      "Timestamp": 48831,
      "KeyName": "Left",
      "EventType": "KeyDown"
    },
    {
      "Timestamp": 48862,
      "KeyName": "Left",
      "EventType": "KeyDown"
    },
    {
      "Timestamp": 48896,
      "KeyName": "Left",
      "EventType": "KeyDown"
    },
    {
      "Timestamp": 48927,
      "KeyName": "Left",
      "EventType": "KeyDown"
    },
    {
      "Timestamp": 48962,
      "KeyName": "Left",
      "EventType": "KeyDown"
    },
    {
      "Timestamp": 48993,
      "KeyName": "Left",
      "EventType": "KeyDown"
    },
    {
      "Timestamp": 49034,
      "KeyName": "Left",
      "EventType": "KeyDown"
    },
    {
      "Timestamp": 49060,
      "KeyName": "Left",
      "EventType": "KeyDown"
    },
    {
      "Timestamp": 49098,
      "KeyName": "Left",
      "EventType": "KeyDown"
    },
    {
      "Timestamp": 49131,
      "KeyName": "Left",
      "EventType": "KeyDown"
    },
    {
      "Timestamp": 49158,
      "KeyName": "Left",
      "EventType": "KeyDown"
    },
    {
      "Timestamp": 49191,
      "KeyName": "Left",
      "EventType": "KeyDown"
    },
    {
      "Timestamp": 49222,
      "KeyName": "Left",
      "EventType": "KeyDown"
    },
    {
      "Timestamp": 49257,
      "KeyName": "Left",
      "EventType": "KeyDown"
    },
    {
      "Timestamp": 49288,
      "KeyName": "Left",
      "EventType": "KeyDown"
    },
    {
      "Timestamp": 49325,
      "KeyName": "Left",
      "EventType": "KeyDown"
    },
    {
      "Timestamp": 49358,
      "KeyName": "Left",
      "EventType": "KeyDown"
    },
    {
      "Timestamp": 49390,
      "KeyName": "Left",
      "EventType": "KeyDown"
    },
    {
      "Timestamp": 49424,
      "KeyName": "Left",
      "EventType": "KeyDown"
    },
    {
      "Timestamp": 49432,
      "KeyName": "Left",
      "EventType": "KeyUp"
    },
    {
      "Timestamp": 50020,
      "KeyName": "Left",
      "EventType": "KeyDown"
    },
    {
      "Timestamp": 50526,
      "KeyName": "Left",
      "EventType": "KeyDown"
    },
    {
      "Timestamp": 50559,
      "KeyName": "Left",
      "EventType": "KeyDown"
    },
    {
      "Timestamp": 50590,
      "KeyName": "Left",
      "EventType": "KeyDown"
    },
    {
      "Timestamp": 50623,
      "KeyName": "Left",
      "EventType": "KeyDown"
    },
    {
      "Timestamp": 50656,
      "KeyName": "Left",
      "EventType": "KeyDown"
    },
    {
      "Timestamp": 50690,
      "KeyName": "Left",
      "EventType": "KeyDown"
    },
    {
      "Timestamp": 50725,
      "KeyName": "Left",
      "EventType": "KeyDown"
    },
    {
      "Timestamp": 50755,
      "KeyName": "Left",
      "EventType": "KeyDown"
    },
    {
      "Timestamp": 50789,
      "KeyName": "Left",
      "EventType": "KeyDown"
    },
    {
      "Timestamp": 50820,
      "KeyName": "Left",
      "EventType": "KeyDown"
    },
    {
      "Timestamp": 50853,
      "KeyName": "Left",
      "EventType": "KeyDown"
    },
    {
      "Timestamp": 50888,
      "KeyName": "Left",
      "EventType": "KeyDown"
    },
    {
      "Timestamp": 50919,
      "KeyName": "Left",
      "EventType": "KeyDown"
    },
    {
      "Timestamp": 50953,
      "KeyName": "Left",
      "EventType": "KeyDown"
    },
    {
      "Timestamp": 50986,
      "KeyName": "Left",
      "EventType": "KeyDown"
    },
    {
      "Timestamp": 51017,
      "KeyName": "Left",
      "EventType": "KeyDown"
    },
    {
      "Timestamp": 51052,
      "KeyName": "Left",
      "EventType": "KeyDown"
    },
    {
      "Timestamp": 51085,
      "KeyName": "Left",
      "EventType": "KeyDown"
    },
    {
      "Timestamp": 51118,
      "KeyName": "Left",
      "EventType": "KeyDown"
    },
    {
      "Timestamp": 51152,
      "KeyName": "Left",
      "EventType": "KeyDown"
    },
    {
      "Timestamp": 51183,
      "KeyName": "Left",
      "EventType": "KeyUp"
    },
    {
      "Timestamp": 51734,
      "KeyName": "Left",
      "EventType": "KeyDown"
    },
    {
      "Timestamp": 52234,
      "KeyName": "Left",
      "EventType": "KeyDown"
    },
    {
      "Timestamp": 52268,
      "KeyName": "Left",
      "EventType": "KeyDown"
    },
    {
      "Timestamp": 52300,
      "KeyName": "Left",
      "EventType": "KeyDown"
    },
    {
      "Timestamp": 52333,
      "KeyName": "Left",
      "EventType": "KeyDown"
    },
    {
      "Timestamp": 52368,
      "KeyName": "Left",
      "EventType": "KeyDown"
    },
    {
      "Timestamp": 52402,
      "KeyName": "Left",
      "EventType": "KeyDown"
    },
    {
      "Timestamp": 52432,
      "KeyName": "Left",
      "EventType": "KeyDown"
    },
    {
      "Timestamp": 52466,
      "KeyName": "Left",
      "EventType": "KeyDown"
    },
    {
      "Timestamp": 52499,
      "KeyName": "Left",
      "EventType": "KeyDown"
    },
    {
      "Timestamp": 52533,
      "KeyName": "Left",
      "EventType": "KeyDown"
    },
    {
      "Timestamp": 52567,
      "KeyName": "Left",
      "EventType": "KeyDown"
    },
    {
      "Timestamp": 52596,
      "KeyName": "Left",
      "EventType": "KeyDown"
    },
    {
      "Timestamp": 52633,
      "KeyName": "Left",
      "EventType": "KeyDown"
    },
    {
      "Timestamp": 52662,
      "KeyName": "Left",
      "EventType": "KeyDown"
    },
    {
      "Timestamp": 52692,
      "KeyName": "Left",
      "EventType": "KeyUp"
    }
  ],
  "LoopType": "TillLoopNumber",
  "LoopNumber": 1,
  "LoopTime": 0,
  "LoopInterval": 0,
  "Acceleration": 1,
  "PlayOnStart": false,
  "DonotShowWindowOnFinish": false,
  "RestartPlayer": false,
  "RestartPlayerAfterMinutes": 60,
  "ShortCut": "",
  "UserName": "",
  "MacroId": ""
}