{
  "TimeCreated": "20210116T224124",
  "Name": "Wait.5Sec",
  "Events": [
    {
      "Timestamp": 4900,
      "KeyName": "Alt",
      "EventType": "KeyDown"
    },
    {
      "Timestamp": 5000,
      "KeyName": "Alt",
      "EventType": "KeyUp"
    }
  ],
  "LoopType": "TillLoopNumber",
  "LoopNumber": 1,
  "LoopTime": 0,
  "LoopInterval": 0,
  "Acceleration": 1.0,
  "PlayOnStart": false,
  "DonotShowWindowOnFinish": false,
  "RestartPlayer": false,
  "RestartPlayerAfterMinutes": 60,
  "ShortCut": "",
  "UserName": "",
  "MacroId": ""
}