{
  "TimeCreated": "20210124T005658",
  "Name": "Arenas.TeamArena",
  "Events": [
    {
      "Timestamp": 967,
      "KeyName": "Alt",
      "EventType": "KeyDown"
    },
    {
      "Timestamp": 1168,
      "KeyName": "T",
      "EventType": "KeyDown"
    },
    {
      "Timestamp": 1367,
      "KeyName": "T",
      "EventType": "KeyUp"
    },
    {
      "Timestamp": 1999,
      "KeyName": "Alt",
      "EventType": "KeyUp"
    }
  ],
  "LoopType": "TillLoopNumber",
  "LoopNumber": 1,
  "LoopTime": 0,
  "LoopInterval": 0,
  "Acceleration": 1,
  "PlayOnStart": false,
  "DonotShowWindowOnFinish": false,
  "RestartPlayer": false,
  "RestartPlayerAfterMinutes": 60,
  "ShortCut": "",
  "UserName": "",
  "MacroId": ""
}