{
  "TimeCreated": "20210124T005658",
  "Name": "Battles.Faction",
  "Events": [
    {
      "Timestamp": 1028,
      "KeyName": "F",
      "EventType": "KeyDown"
    },
    {
      "Timestamp": 1207,
      "KeyName": "F",
      "EventType": "KeyUp"
    }
  ],
  "LoopType": "TillLoopNumber",
  "LoopNumber": 1,
  "LoopTime": 0,
  "LoopInterval": 0,
  "Acceleration": 1,
  "PlayOnStart": false,
  "DonotShowWindowOnFinish": false,
  "RestartPlayer": false,
  "RestartPlayerAfterMinutes": 60,
  "ShortCut": "",
  "UserName": "",
  "MacroId": ""
}