{
  "TimeCreated": "20210124T005658",
  "Name": "Clan.Checkin",
  "Events": [
    {
      "Timestamp": 1838,
      "KeyName": "M",
      "EventType": "KeyDown"
    },
    {
      "Timestamp": 2034,
      "KeyName": "M",
      "EventType": "KeyUp"
    },
    {
      "Timestamp": 6264,
      "KeyName": "O",
      "EventType": "KeyDown"
    },
    {
      "Timestamp": 6472,
      "KeyName": "O",
      "EventType": "KeyUp"
    },
    {
      "Timestamp": 8256,
      "KeyName": "N",
      "EventType": "KeyDown"
    },
    {
      "Timestamp": 8511,
      "KeyName": "N",
      "EventType": "KeyUp"
    }
  ],
  "LoopType": "TillLoopNumber",
  "LoopNumber": 1,
  "LoopTime": 0,
  "LoopInterval": 0,
  "Acceleration": 1,
  "PlayOnStart": false,
  "DonotShowWindowOnFinish": false,
  "RestartPlayer": false,
  "RestartPlayerAfterMinutes": 60,
  "ShortCut": "",
  "UserName": "",
  "MacroId": ""
}