{
  "TimeCreated": "20210124T005658",
  "Name": "Clanboss.Fight",
  "MergedMacroConfigurations": [
    {
      "MacrosToRun": [
        "Clanboss.Difficulty.Easy"
      ],
      "LoopCount": 1,
      "LoopInterval": 0,
      "DelayNextScript": 0,
      "Acceleration": 1
    },
    {
      "MacrosToRun": [
        "Fight.StartFightOrNext"
      ],
      "LoopCount": 1,
      "LoopInterval": 0,
      "DelayNextScript": 0,
      "Acceleration": 1
    },
    {
      "MacrosToRun": [
        "Wait.1Min"
      ],
      "LoopCount": 1,
      "LoopInterval": 0,
      "DelayNextScript": 0,
      "Acceleration": 1
    },
    {
      "MacrosToRun": [
        "StartFight.ToggleAuto"
      ],
      "LoopCount": 1,
      "LoopInterval": 0,
      "DelayNextScript": 0,
      "Acceleration": 1
    },
    {
      "MacrosToRun": [
        "Wait.1Min",
        "Wait.1Min",
        "Wait.1Min",
        "Wait.1Min",
        "Wait.1Min"
      ],
      "LoopCount": 1,
      "LoopInterval": 0,
      "DelayNextScript": 0,
      "Acceleration": 1
    },
    {
      "MacrosToRun": [
        "Wait.1Min",
        "Wait.1Min",
        "Wait.1Min",
        "Wait.1Min",
        "Wait.1Min"
      ],
      "LoopCount": 1,
      "LoopInterval": 0,
      "DelayNextScript": 0,
      "Acceleration": 1
    }
  ],
  "LoopType": "TillLoopNumber",
  "LoopNumber": 1,
  "LoopTime": 0,
  "LoopInterval": 0,
  "Acceleration": 1,
  "PlayOnStart": false,
  "DonotShowWindowOnFinish": false,
  "RestartPlayer": false,
  "RestartPlayerAfterMinutes": 60,
  "ShortCut": "",
  "UserName": "",
  "MacroId": ""
}