{
  "TimeCreated": "20210124T005658",
  "Name": "Fight.Setup.Champ.R1C9",
  "Events": [
    {
      "Timestamp": 800,
      "KeyName": "Ctrl",
      "EventType": "KeyDown"
    },
    {
      "Timestamp": 1200,
      "KeyName": "Q",
      "EventType": "KeyDown"
    },
    {
      "Timestamp": 1400,
      "KeyName": "Q",
      "EventType": "KeyUp"
    },
    {
      "Timestamp": 1600,
      "KeyName": "Ctrl",
      "EventType": "KeyUp"
    }
  ],
  "LoopType": "TillLoopNumber",
  "LoopNumber": 1,
  "LoopTime": 0,
  "LoopInterval": 0,
  "Acceleration": 1,
  "PlayOnStart": false,
  "DonotShowWindowOnFinish": false,
  "RestartPlayer": false,
  "RestartPlayerAfterMinutes": 60,
  "ShortCut": "",
  "UserName": "",
  "MacroId": ""
}