{
  "TimeCreated": "20210124T005658",
  "Name": "Key.7H",
  "Events": [
    {
      "Timestamp": 500,
      "KeyName": "7",
      "EventType": "KeyDown"
    },
    {
      "Timestamp": 600,
      "KeyName": "H",
      "EventType": "KeyDown"
    },
    {
      "Timestamp": 700,
      "KeyName": "H",
      "EventType": "KeyUp"
    },
    {
      "Timestamp": 800,
      "KeyName": "7",
      "EventType": "KeyUp"
    }
  ],
  "LoopType": "TillLoopNumber",
  "LoopNumber": 1,
  "LoopTime": 0,
  "LoopInterval": 0,
  "Acceleration": 1,
  "PlayOnStart": false,
  "DonotShowWindowOnFinish": false,
  "RestartPlayer": false,
  "RestartPlayerAfterMinutes": 60,
  "ShortCut": "",
  "UserName": "",
  "MacroId": ""
}