{
  "TimeCreated": "20210118T095227",
  "Name": "Bastion.Champs",
  "Events": [
    {
      "Timestamp": 1385,
      "KeyName": "C",
      "EventType": "KeyDown"
    },
    {
      "Timestamp": 1560,
      "KeyName": "C",
      "EventType": "KeyUp"
    }
  ],
  "LoopType": "TillLoopNumber",
  "LoopNumber": 1,
  "LoopTime": 0,
  "LoopInterval": 0,
  "Acceleration": 1,
  "PlayOnStart": false,
  "DonotShowWindowOnFinish": false,
  "RestartPlayer": false,
  "RestartPlayerAfterMinutes": 60,
  "ShortCut": "",
  "UserName": "",
  "MacroId": ""
}