{
  "TimeCreated": "20210118T095227",
  "Name": "Battles.DT",
  "Events": [
    {
      "Timestamp": 1090,
      "KeyName": "Right",
      "EventType": "KeyDown"
    },
    {
      "Timestamp": 1498,
      "KeyName": "Right",
      "EventType": "KeyUp"
    },
    {
      "Timestamp": 1895,
      "KeyName": "Left",
      "EventType": "KeyDown"
    },
    {
      "Timestamp": 2208,
      "KeyName": "Left",
      "EventType": "KeyUp"
    },
    {
      "Timestamp": 2394,
      "KeyName": "Left",
      "EventType": "KeyDown"
    },
    {
      "Timestamp": 2573,
      "KeyName": "Left",
      "EventType": "KeyUp"
    },
    {
      "Timestamp": 3240,
      "KeyName": "Left",
      "EventType": "KeyDown"
    },
    {
      "Timestamp": 3240,
      "KeyName": "Left",
      "EventType": "KeyUp"
    },
    {
      "Timestamp": 3241,
      "KeyName": "Left",
      "EventType": "KeyDown"
    },
    {
      "Timestamp": 3355,
      "KeyName": "Left",
      "EventType": "KeyUp"
    },
    {
      "Timestamp": 3696,
      "KeyName": "Left",
      "EventType": "KeyDown"
    },
    {
      "Timestamp": 3868,
      "KeyName": "Left",
      "EventType": "KeyUp"
    },
    {
      "Timestamp": 4191,
      "KeyName": "Left",
      "EventType": "KeyDown"
    },
    {
      "Timestamp": 4443,
      "KeyName": "Left",
      "EventType": "KeyUp"
    },
    {
      "Timestamp": 4740,
      "KeyName": "Left",
      "EventType": "KeyDown"
    },
    {
      "Timestamp": 4995,
      "KeyName": "Left",
      "EventType": "KeyUp"
    },
    {
      "Timestamp": 6750,
      "KeyName": "N",
      "EventType": "KeyDown"
    },
    {
      "Timestamp": 6867,
      "KeyName": "N",
      "EventType": "KeyUp"
    }
  ],
  "LoopType": "TillLoopNumber",
  "LoopNumber": 1,
  "LoopTime": 0,
  "LoopInterval": 0,
  "Acceleration": 1,
  "PlayOnStart": false,
  "DonotShowWindowOnFinish": false,
  "RestartPlayer": false,
  "RestartPlayerAfterMinutes": 60,
  "ShortCut": "",
  "UserName": "",
  "MacroId": ""
}