{
  "TimeCreated": "20210118T095227",
  "Name": "Campaign.Stage.6",
  "Events": [
    {
      "Timestamp": 1029,
      "X": 68.8,
      "Y": 17.72,
      "Delta": -120,
      "EventType": "MouseWheel"
    },
    {
      "Timestamp": 1029,
      "KeyName": "MouseWheelDown",
      "EventType": "KeyDown"
    },
    {
      "Timestamp": 1029,
      "KeyName": "MouseWheelDown",
      "EventType": "KeyUp"
    },
    {
      "Timestamp": 1132,
      "X": 68.8,
      "Y": 17.72,
      "Delta": -120,
      "EventType": "MouseWheel"
    },
    {
      "Timestamp": 1132,
      "KeyName": "MouseWheelDown",
      "EventType": "KeyDown"
    },
    {
      "Timestamp": 1132,
      "KeyName": "MouseWheelDown",
      "EventType": "KeyUp"
    },
    {
      "Timestamp": 1177,
      "X": 68.8,
      "Y": 17.72,
      "Delta": -120,
      "EventType": "MouseWheel"
    },
    {
      "Timestamp": 1178,
      "KeyName": "MouseWheelDown",
      "EventType": "KeyDown"
    },
    {
      "Timestamp": 1178,
      "KeyName": "MouseWheelDown",
      "EventType": "KeyUp"
    },
    {
      "Timestamp": 1233,
      "X": 68.8,
      "Y": 17.72,
      "Delta": -120,
      "EventType": "MouseWheel"
    },
    {
      "Timestamp": 1233,
      "KeyName": "MouseWheelDown",
      "EventType": "KeyDown"
    },
    {
      "Timestamp": 1233,
      "KeyName": "MouseWheelDown",
      "EventType": "KeyUp"
    },
    {
      "Timestamp": 1290,
      "X": 68.8,
      "Y": 17.72,
      "Delta": -120,
      "EventType": "MouseWheel"
    },
    {
      "Timestamp": 1290,
      "KeyName": "MouseWheelDown",
      "EventType": "KeyDown"
    },
    {
      "Timestamp": 1290,
      "KeyName": "MouseWheelDown",
      "EventType": "KeyUp"
    },
    {
      "Timestamp": 1367,
      "X": 68.8,
      "Y": 17.72,
      "Delta": -120,
      "EventType": "MouseWheel"
    },
    {
      "Timestamp": 1367,
      "KeyName": "MouseWheelDown",
      "EventType": "KeyDown"
    },
    {
      "Timestamp": 1367,
      "KeyName": "MouseWheelDown",
      "EventType": "KeyUp"
    },
    {
      "Timestamp": 1423,
      "X": 68.8,
      "Y": 17.72,
      "Delta": -120,
      "EventType": "MouseWheel"
    },
    {
      "Timestamp": 1423,
      "KeyName": "MouseWheelDown",
      "EventType": "KeyDown"
    },
    {
      "Timestamp": 1423,
      "KeyName": "MouseWheelDown",
      "EventType": "KeyUp"
    },
    {
      "Timestamp": 1468,
      "X": 68.8,
      "Y": 17.72,
      "Delta": -120,
      "EventType": "MouseWheel"
    },
    {
      "Timestamp": 1468,
      "KeyName": "MouseWheelDown",
      "EventType": "KeyDown"
    },
    {
      "Timestamp": 1468,
      "KeyName": "MouseWheelDown",
      "EventType": "KeyUp"
    },
    {
      "Timestamp": 1487,
      "X": 68.8,
      "Y": 17.72,
      "Delta": -120,
      "EventType": "MouseWheel"
    },
    {
      "Timestamp": 1487,
      "KeyName": "MouseWheelDown",
      "EventType": "KeyDown"
    },
    {
      "Timestamp": 1487,
      "KeyName": "MouseWheelDown",
      "EventType": "KeyUp"
    },
    {
      "Timestamp": 2358,
      "X": 68.91,
      "Y": 17.91,
      "Delta": -120,
      "EventType": "MouseWheel"
    },
    {
      "Timestamp": 2358,
      "KeyName": "MouseWheelDown",
      "EventType": "KeyDown"
    },
    {
      "Timestamp": 2358,
      "KeyName": "MouseWheelDown",
      "EventType": "KeyUp"
    },
    {
      "Timestamp": 2437,
      "X": 68.91,
      "Y": 17.91,
      "Delta": -120,
      "EventType": "MouseWheel"
    },
    {
      "Timestamp": 2437,
      "KeyName": "MouseWheelDown",
      "EventType": "KeyDown"
    },
    {
      "Timestamp": 2437,
      "KeyName": "MouseWheelDown",
      "EventType": "KeyUp"
    },
    {
      "Timestamp": 3625,
      "KeyName": "8",
      "EventType": "KeyDown"
    },
    {
      "Timestamp": 3802,
      "KeyName": "8",
      "EventType": "KeyUp"
    }
  ],
  "LoopType": "TillLoopNumber",
  "LoopNumber": 1,
  "LoopTime": 0,
  "LoopInterval": 0,
  "Acceleration": 1,
  "PlayOnStart": false,
  "DonotShowWindowOnFinish": false,
  "RestartPlayer": false,
  "RestartPlayerAfterMinutes": 60,
  "ShortCut": "",
  "UserName": "",
  "MacroId": ""
}