{
  "TimeCreated": "20210118T095227",
  "Name": "Tavern.Scroll.Prep.Bottom",
  "Events": [
    {
      "Timestamp": 1016,
      "KeyName": "Down",
      "EventType": "KeyDown"
    },
    {
      "Timestamp": 1050,
      "KeyName": "Down",
      "EventType": "KeyUp"
    },
    {
      "Timestamp": 2008,
      "KeyName": "Down",
      "EventType": "KeyDown"
    },
    {
      "Timestamp": 2136,
      "KeyName": "Down",
      "EventType": "KeyUp"
    }
  ],
  "LoopType": "TillLoopNumber",
  "LoopNumber": 1,
  "LoopTime": 0,
  "LoopInterval": 0,
  "Acceleration": 1,
  "PlayOnStart": false,
  "DonotShowWindowOnFinish": false,
  "RestartPlayer": false,
  "RestartPlayerAfterMinutes": 60,
  "ShortCut": "",
  "UserName": "",
  "MacroId": ""
}