{
  "TimeCreated": "20210124T005620",
  "Name": "Action.Quest.Daily",
  "MergedMacroConfigurations": [
    {
      "MacrosToRun": [
        "Wait.1Min"
      ],
      "LoopCount": 1,
      "LoopInterval": 0,
      "DelayNextScript": 0,
      "Acceleration": 1
    },
    {
      "MacrosToRun": [
        "Wait.1Min"
      ],
      "LoopCount": 1,
      "LoopInterval": 0,
      "DelayNextScript": 0,
      "Acceleration": 1
    },
    {
      "MacrosToRun": [
        "Wait.1Min"
      ],
      "LoopCount": 1,
      "LoopInterval": 0,
      "DelayNextScript": 0,
      "Acceleration": 1
    },
    {
      "MacrosToRun": [
        "Wait.1Min"
      ],
      "LoopCount": 1,
      "LoopInterval": 0,
      "DelayNextScript": 0,
      "Acceleration": 1
    },
    {
      "MacrosToRun": [
        "Wait.1Min"
      ],
      "LoopCount": 1,
      "LoopInterval": 0,
      "DelayNextScript": 0,
      "Acceleration": 1
    },
    {
      "MacrosToRun": [
        "Action.Claim.Gems"
      ],
      "LoopCount": 1,
      "LoopInterval": 0,
      "DelayNextScript": 0,
      "Acceleration": 1
    },
    {
      "MacrosToRun": [
        "Wait.1Min"
      ],
      "LoopCount": 1,
      "LoopInterval": 0,
      "DelayNextScript": 0,
      "Acceleration": 1
    },
    {
      "MacrosToRun": [
        "Action.Clan.Checkin"
      ],
      "LoopCount": 1,
      "LoopInterval": 0,
      "DelayNextScript": 0,
      "Acceleration": 1
    },
    {
      "MacrosToRun": [
        "Wait.1Min"
      ],
      "LoopCount": 1,
      "LoopInterval": 0,
      "DelayNextScript": 0,
      "Acceleration": 1
    },
    {
      "MacrosToRun": [
        "Action.Artifact.4Upgrades"
      ],
      "LoopCount": 1,
      "LoopInterval": 0,
      "DelayNextScript": 0,
      "Acceleration": 1
    },
    {
      "MacrosToRun": [
        "Wait.1Min"
      ],
      "LoopCount": 1,
      "LoopInterval": 0,
      "DelayNextScript": 0,
      "Acceleration": 1
    },
    {
      "MacrosToRun": [
        "Action.Market.Buy"
      ],
      "LoopCount": 1,
      "LoopInterval": 0,
      "DelayNextScript": 0,
      "Acceleration": 1
    },
    {
      "MacrosToRun": [
        "Wait.1Min"
      ],
      "LoopCount": 1,
      "LoopInterval": 0,
      "DelayNextScript": 0,
      "Acceleration": 1
    },
    {
      "MacrosToRun": [
        "Action.Pit.UpgradeAll"
      ],
      "LoopCount": 1,
      "LoopInterval": 0,
      "DelayNextScript": 0,
      "Acceleration": 1
    },
    {
      "MacrosToRun": [
        "Wait.1Min"
      ],
      "LoopCount": 1,
      "LoopInterval": 0,
      "DelayNextScript": 0,
      "Acceleration": 1
    },
    {
      "MacrosToRun": [
        "Action.Summon"
      ],
      "LoopCount": 1,
      "LoopInterval": 0,
      "DelayNextScript": 0,
      "Acceleration": 1
    },
    {
      "MacrosToRun": [
        "Wait.1Min"
      ],
      "LoopCount": 1,
      "LoopInterval": 0,
      "DelayNextScript": 0,
      "Acceleration": 1
    },
    {
      "MacrosToRun": [
        "Action.Tavern.LevelUp"
      ],
      "LoopCount": 1,
      "LoopInterval": 0,
      "DelayNextScript": 0,
      "Acceleration": 1
    },
    {
      "MacrosToRun": [
        "Wait.1Min"
      ],
      "LoopCount": 1,
      "LoopInterval": 0,
      "DelayNextScript": 0,
      "Acceleration": 1
    },
    {
      "MacrosToRun": [
        "Action.Fight.7BrutalCampaignBoss",
        "Wait.1Min",
        "Action.Fight.ClassicArena",
        "Wait.1Min",
        "Action.Fight.TeamsArena",
        "Wait.1Min",
        "Action.Fight.ClanBoss",
        "Wait.1Min",
        "Action.Fight.ClanBoss"
      ],
      "LoopCount": 1,
      "LoopInterval": 0,
      "DelayNextScript": 0,
      "Acceleration": 1
    }
  ],
  "LoopType": "TillLoopNumber",
  "LoopNumber": 1,
  "LoopTime": 0,
  "LoopInterval": 0,
  "Acceleration": 1,
  "PlayOnStart": true,
  "DonotShowWindowOnFinish": false,
  "RestartPlayer": false,
  "RestartPlayerAfterMinutes": 60,
  "ShortCut": "",
  "UserName": "",
  "MacroId": ""
}