{
  "TimeCreated": "20210124T005620",
  "Name": "Arenas.ClassicArena",
  "Events": [
    {
      "Timestamp": 2698,
      "KeyName": "Ctrl",
      "EventType": "KeyDown"
    },
    {
      "Timestamp": 3187,
      "KeyName": "Ctrl",
      "EventType": "KeyDown"
    },
    {
      "Timestamp": 3222,
      "KeyName": "1",
      "EventType": "KeyDown"
    },
    {
      "Timestamp": 3409,
      "KeyName": "1",
      "EventType": "KeyUp"
    },
    {
      "Timestamp": 3835,
      "KeyName": "Ctrl",
      "EventType": "KeyUp"
    }
  ],
  "LoopType": "TillLoopNumber",
  "LoopNumber": 1,
  "LoopTime": 0,
  "LoopInterval": 0,
  "Acceleration": 1,
  "PlayOnStart": false,
  "DonotShowWindowOnFinish": false,
  "RestartPlayer": false,
  "RestartPlayerAfterMinutes": 60,
  "ShortCut": "",
  "UserName": "",
  "MacroId": ""
}