{
  "TimeCreated": "20210124T005620",
  "Name": "Potion.Force.Lesser",
  "Events": [
    {
      "Timestamp": 2200,
      "KeyName": "G",
      "EventType": "KeyDown"
    },
    {
      "Timestamp": 2369,
      "KeyName": "G",
      "EventType": "KeyUp"
    }
  ],
  "LoopType": "TillLoopNumber",
  "LoopNumber": 1,
  "LoopTime": 0,
  "LoopInterval": 0,
  "Acceleration": 1,
  "PlayOnStart": false,
  "DonotShowWindowOnFinish": false,
  "RestartPlayer": false,
  "RestartPlayerAfterMinutes": 60,
  "ShortCut": "",
  "UserName": "",
  "MacroId": ""
}