{
  "TimeCreated": "20210124T005620",
  "Name": "Potion.Arcane.Lesser",
  "Events": [
    {
      "Timestamp": 801,
      "KeyName": "Shift",
      "EventType": "KeyDown"
    },
    {
      "Timestamp": 803,
      "KeyName": "Shift",
      "EventType": "KeyDown"
    },
    {
      "Timestamp": 1170,
      "KeyName": "7",
      "EventType": "KeyDown"
    },
    {
      "Timestamp": 1355,
      "KeyName": "7",
      "EventType": "KeyUp"
    },
    {
      "Timestamp": 1825,
      "KeyName": "Shift",
      "EventType": "KeyUp"
    },
    {
      "Timestamp": 1826,
      "KeyName": "Shift",
      "EventType": "KeyUp"
    }
  ],
  "LoopType": "TillLoopNumber",
  "LoopNumber": 1,
  "LoopTime": 0,
  "LoopInterval": 0,
  "Acceleration": 1,
  "PlayOnStart": false,
  "DonotShowWindowOnFinish": false,
  "RestartPlayer": false,
  "RestartPlayerAfterMinutes": 60,
  "ShortCut": "",
  "UserName": "",
  "MacroId": ""
}