{
  "TimeCreated": "20210124T005620",
  "Name": "Summoning.Repeat.Ten",
  "Events": [
    {
      "Timestamp": 500,
      "KeyName": "Ctrl",
      "EventType": "KeyDown"
    },
    {
      "Timestamp": 550,
      "KeyName": "N",
      "EventType": "KeyDown"
    },
    {
      "Timestamp": 600,
      "KeyName": "N",
      "EventType": "KeyUp"
    },
    {
      "Timestamp": 650,
      "KeyName": "Ctrl",
      "EventType": "KeyUp"
    },
    {
      "Timestamp": 800,
      "KeyName": "Ctrl",
      "EventType": "KeyDown"
    },
    {
      "Timestamp": 850,
      "KeyName": "N",
      "EventType": "KeyDown"
    },
    {
      "Timestamp": 900,
      "KeyName": "N",
      "EventType": "KeyUp"
    },
    {
      "Timestamp": 950,
      "KeyName": "Ctrl",
      "EventType": "KeyUp"
    }
  ],
  "LoopType": "TillLoopNumber",
  "LoopNumber": 1,
  "LoopTime": 0,
  "LoopInterval": 0,
  "Acceleration": 1,
  "PlayOnStart": false,
  "DonotShowWindowOnFinish": false,
  "RestartPlayer": false,
  "RestartPlayerAfterMinutes": 60,
  "ShortCut": "",
  "UserName": "",
  "MacroId": ""
}