{
  "TimeCreated": "20210118T094703",
  "Name": "Action.Fight.7BrutalCampaignBoss",
  "MergedMacroConfigurations": [
    {
      "MacrosToRun": [
        "GoTo.Bastion"
      ],
      "LoopCount": 1,
      "LoopInterval": 0,
      "DelayNextScript": 30,
      "Acceleration": 1
    },
    {
      "MacrosToRun": [
        "Bastion.Battles"
      ],
      "LoopCount": 1,
      "LoopInterval": 0,
      "DelayNextScript": 3,
      "Acceleration": 1
    },
    {
      "MacrosToRun": [
        "Battles.Campaign"
      ],
      "LoopCount": 1,
      "LoopInterval": 0,
      "DelayNextScript": 3,
      "Acceleration": 1
    },
    {
      "MacrosToRun": [
        "Campaign.Difficulty.Brutal"
      ],
      "LoopCount": 1,
      "LoopInterval": 0,
      "DelayNextScript": 3,
      "Acceleration": 1
    },
    {
      "MacrosToRun": [
        "Campaign.Map.Brimstone"
      ],
      "LoopCount": 1,
      "LoopInterval": 0,
      "DelayNextScript": 0,
      "Acceleration": 1
    },
    {
      "MacrosToRun": [
        "Campaign.Stage.7"
      ],
      "LoopCount": 1,
      "LoopInterval": 0,
      "DelayNextScript": 0,
      "Acceleration": 1
    },
    {
      "MacrosToRun": [
        "Fight.7FoodBattles"
      ],
      "LoopCount": 1,
      "LoopInterval": 0,
      "DelayNextScript": 0,
      "Acceleration": 1
    }
  ],
  "LoopType": "TillLoopNumber",
  "LoopNumber": 1,
  "LoopTime": 0,
  "LoopInterval": 0,
  "Acceleration": 1,
  "PlayOnStart": false,
  "DonotShowWindowOnFinish": false,
  "RestartPlayer": false,
  "RestartPlayerAfterMinutes": 60,
  "ShortCut": "",
  "UserName": "",
  "MacroId": ""
}