{
  "TimeCreated": "20210118T094703",
  "Name": "Campaign.Difficulty.Hard",
  "Events": [
    {
      "Timestamp": 1177,
      "KeyName": "U",
      "EventType": "KeyDown"
    },
    {
      "Timestamp": 1354,
      "KeyName": "U",
      "EventType": "KeyUp"
    },
    {
      "Timestamp": 3024,
      "KeyName": "Alt",
      "EventType": "KeyDown"
    },
    {
      "Timestamp": 3201,
      "KeyName": "H",
      "EventType": "KeyDown"
    },
    {
      "Timestamp": 3354,
      "KeyName": "H",
      "EventType": "KeyUp"
    },
    {
      "Timestamp": 3859,
      "KeyName": "Alt",
      "EventType": "KeyUp"
    }
  ],
  "LoopType": "TillLoopNumber",
  "LoopNumber": 1,
  "LoopTime": 0,
  "LoopInterval": 0,
  "Acceleration": 1,
  "PlayOnStart": false,
  "DonotShowWindowOnFinish": false,
  "RestartPlayer": false,
  "RestartPlayerAfterMinutes": 60,
  "ShortCut": "",
  "UserName": "",
  "MacroId": ""
}