{
  "TimeCreated": "20210118T094703",
  "Name": "Campaign.Stage.3",
  "Events": [
    {
      "Timestamp": 860,
      "X": 73,
      "Y": 23.32,
      "Delta": 120,
      "EventType": "MouseWheel"
    },
    {
      "Timestamp": 860,
      "KeyName": "MouseWheelUp",
      "EventType": "KeyDown"
    },
    {
      "Timestamp": 860,
      "KeyName": "MouseWheelUp",
      "EventType": "KeyUp"
    },
    {
      "Timestamp": 1053,
      "X": 73,
      "Y": 23.32,
      "Delta": 120,
      "EventType": "MouseWheel"
    },
    {
      "Timestamp": 1053,
      "KeyName": "MouseWheelUp",
      "EventType": "KeyDown"
    },
    {
      "Timestamp": 1053,
      "KeyName": "MouseWheelUp",
      "EventType": "KeyUp"
    },
    {
      "Timestamp": 1222,
      "X": 73,
      "Y": 23.32,
      "Delta": 120,
      "EventType": "MouseWheel"
    },
    {
      "Timestamp": 1222,
      "KeyName": "MouseWheelUp",
      "EventType": "KeyDown"
    },
    {
      "Timestamp": 1222,
      "KeyName": "MouseWheelUp",
      "EventType": "KeyUp"
    },
    {
      "Timestamp": 1344,
      "X": 73,
      "Y": 23.32,
      "Delta": 120,
      "EventType": "MouseWheel"
    },
    {
      "Timestamp": 1344,
      "KeyName": "MouseWheelUp",
      "EventType": "KeyDown"
    },
    {
      "Timestamp": 1344,
      "KeyName": "MouseWheelUp",
      "EventType": "KeyUp"
    },
    {
      "Timestamp": 1437,
      "X": 73,
      "Y": 23.32,
      "Delta": 120,
      "EventType": "MouseWheel"
    },
    {
      "Timestamp": 1437,
      "KeyName": "MouseWheelUp",
      "EventType": "KeyDown"
    },
    {
      "Timestamp": 1437,
      "KeyName": "MouseWheelUp",
      "EventType": "KeyUp"
    },
    {
      "Timestamp": 1517,
      "X": 73,
      "Y": 23.32,
      "Delta": 120,
      "EventType": "MouseWheel"
    },
    {
      "Timestamp": 1518,
      "KeyName": "MouseWheelUp",
      "EventType": "KeyDown"
    },
    {
      "Timestamp": 1518,
      "KeyName": "MouseWheelUp",
      "EventType": "KeyUp"
    },
    {
      "Timestamp": 3413,
      "KeyName": "7",
      "EventType": "KeyDown"
    },
    {
      "Timestamp": 3592,
      "KeyName": "7",
      "EventType": "KeyUp"
    }
  ],
  "LoopType": "TillLoopNumber",
  "LoopNumber": 1,
  "LoopTime": 0,
  "LoopInterval": 0,
  "Acceleration": 1,
  "PlayOnStart": false,
  "DonotShowWindowOnFinish": false,
  "RestartPlayer": false,
  "RestartPlayerAfterMinutes": 60,
  "ShortCut": "",
  "UserName": "",
  "MacroId": ""
}