{
  "TimeCreated": "20210118T094703",
  "Name": "Potion.Magic.Lesser",
  "Events": [
    {
      "Timestamp": 863,
      "KeyName": "Shift",
      "EventType": "KeyDown"
    },
    {
      "Timestamp": 865,
      "KeyName": "Shift",
      "EventType": "KeyDown"
    },
    {
      "Timestamp": 1275,
      "KeyName": "5",
      "EventType": "KeyDown"
    },
    {
      "Timestamp": 1454,
      "KeyName": "5",
      "EventType": "KeyUp"
    },
    {
      "Timestamp": 1844,
      "KeyName": "Shift",
      "EventType": "KeyUp"
    },
    {
      "Timestamp": 1845,
      "KeyName": "Shift",
      "EventType": "KeyUp"
    }
  ],
  "LoopType": "TillLoopNumber",
  "LoopNumber": 1,
  "LoopTime": 0,
  "LoopInterval": 0,
  "Acceleration": 1,
  "PlayOnStart": false,
  "DonotShowWindowOnFinish": false,
  "RestartPlayer": false,
  "RestartPlayerAfterMinutes": 60,
  "ShortCut": "",
  "UserName": "",
  "MacroId": ""
}