{
  "TimeCreated": "20210124T004346",
  "Name": "Campaign.Difficulty.Normal",
  "Events": [
    {
      "Timestamp": 1358,
      "KeyName": "U",
      "EventType": "KeyDown"
    },
    {
      "Timestamp": 1537,
      "KeyName": "U",
      "EventType": "KeyUp"
    },
    {
      "Timestamp": 2988,
      "KeyName": "Alt",
      "EventType": "KeyDown"
    },
    {
      "Timestamp": 3373,
      "KeyName": "N",
      "EventType": "KeyDown"
    },
    {
      "Timestamp": 3453,
      "KeyName": "N",
      "EventType": "KeyUp"
    },
    {
      "Timestamp": 3923,
      "KeyName": "Alt",
      "EventType": "KeyUp"
    }
  ],
  "LoopType": "TillLoopNumber",
  "LoopNumber": 1,
  "LoopTime": 0,
  "LoopInterval": 0,
  "Acceleration": 1,
  "PlayOnStart": false,
  "DonotShowWindowOnFinish": false,
  "RestartPlayer": false,
  "RestartPlayerAfterMinutes": 60,
  "ShortCut": "",
  "UserName": "",
  "MacroId": ""
}