{
  "TimeCreated": "20210124T004346",
  "Name": "Campaign.Map.Brimstone",
  "Events": [
    {
      "Timestamp": 478,
      "KeyName": "Left",
      "EventType": "KeyDown"
    },
    {
      "Timestamp": 971,
      "KeyName": "Left",
      "EventType": "KeyDown"
    },
    {
      "Timestamp": 997,
      "KeyName": "Left",
      "EventType": "KeyDown"
    },
    {
      "Timestamp": 1023,
      "KeyName": "Left",
      "EventType": "KeyDown"
    },
    {
      "Timestamp": 1055,
      "KeyName": "Left",
      "EventType": "KeyDown"
    },
    {
      "Timestamp": 1085,
      "KeyName": "Left",
      "EventType": "KeyDown"
    },
    {
      "Timestamp": 1118,
      "KeyName": "Left",
      "EventType": "KeyDown"
    },
    {
      "Timestamp": 1151,
      "KeyName": "Left",
      "EventType": "KeyDown"
    },
    {
      "Timestamp": 1180,
      "KeyName": "Left",
      "EventType": "KeyDown"
    },
    {
      "Timestamp": 1209,
      "KeyName": "Left",
      "EventType": "KeyDown"
    },
    {
      "Timestamp": 1246,
      "KeyName": "Left",
      "EventType": "KeyDown"
    },
    {
      "Timestamp": 1272,
      "KeyName": "Left",
      "EventType": "KeyDown"
    },
    {
      "Timestamp": 1297,
      "KeyName": "Left",
      "EventType": "KeyDown"
    },
    {
      "Timestamp": 1334,
      "KeyName": "Left",
      "EventType": "KeyDown"
    },
    {
      "Timestamp": 1362,
      "KeyName": "Left",
      "EventType": "KeyDown"
    },
    {
      "Timestamp": 1390,
      "KeyName": "Left",
      "EventType": "KeyDown"
    },
    {
      "Timestamp": 1419,
      "KeyName": "Left",
      "EventType": "KeyDown"
    },
    {
      "Timestamp": 1449,
      "KeyName": "Left",
      "EventType": "KeyDown"
    },
    {
      "Timestamp": 1479,
      "KeyName": "Left",
      "EventType": "KeyDown"
    },
    {
      "Timestamp": 1527,
      "KeyName": "Left",
      "EventType": "KeyDown"
    },
    {
      "Timestamp": 1557,
      "KeyName": "Left",
      "EventType": "KeyDown"
    },
    {
      "Timestamp": 1586,
      "KeyName": "Left",
      "EventType": "KeyDown"
    },
    {
      "Timestamp": 1614,
      "KeyName": "Left",
      "EventType": "KeyDown"
    },
    {
      "Timestamp": 1646,
      "KeyName": "Left",
      "EventType": "KeyDown"
    },
    {
      "Timestamp": 1677,
      "KeyName": "Left",
      "EventType": "KeyDown"
    },
    {
      "Timestamp": 1727,
      "KeyName": "Left",
      "EventType": "KeyUp"
    },
    {
      "Timestamp": 1915,
      "KeyName": "Left",
      "EventType": "KeyDown"
    },
    {
      "Timestamp": 2401,
      "KeyName": "Left",
      "EventType": "KeyDown"
    },
    {
      "Timestamp": 2432,
      "KeyName": "Left",
      "EventType": "KeyDown"
    },
    {
      "Timestamp": 2467,
      "KeyName": "Left",
      "EventType": "KeyDown"
    },
    {
      "Timestamp": 2505,
      "KeyName": "Left",
      "EventType": "KeyDown"
    },
    {
      "Timestamp": 2535,
      "KeyName": "Left",
      "EventType": "KeyDown"
    },
    {
      "Timestamp": 2567,
      "KeyName": "Left",
      "EventType": "KeyDown"
    },
    {
      "Timestamp": 2591,
      "KeyName": "Left",
      "EventType": "KeyDown"
    },
    {
      "Timestamp": 2633,
      "KeyName": "Left",
      "EventType": "KeyDown"
    },
    {
      "Timestamp": 2653,
      "KeyName": "Left",
      "EventType": "KeyDown"
    },
    {
      "Timestamp": 2684,
      "KeyName": "Left",
      "EventType": "KeyDown"
    },
    {
      "Timestamp": 2713,
      "KeyName": "Left",
      "EventType": "KeyDown"
    },
    {
      "Timestamp": 2752,
      "KeyName": "Left",
      "EventType": "KeyDown"
    },
    {
      "Timestamp": 2780,
      "KeyName": "Left",
      "EventType": "KeyDown"
    },
    {
      "Timestamp": 2809,
      "KeyName": "Left",
      "EventType": "KeyDown"
    },
    {
      "Timestamp": 2841,
      "KeyName": "Left",
      "EventType": "KeyDown"
    },
    {
      "Timestamp": 2869,
      "KeyName": "Left",
      "EventType": "KeyDown"
    },
    {
      "Timestamp": 2910,
      "KeyName": "Left",
      "EventType": "KeyDown"
    },
    {
      "Timestamp": 2945,
      "KeyName": "Left",
      "EventType": "KeyDown"
    },
    {
      "Timestamp": 2969,
      "KeyName": "Left",
      "EventType": "KeyDown"
    },
    {
      "Timestamp": 3001,
      "KeyName": "Left",
      "EventType": "KeyDown"
    },
    {
      "Timestamp": 3052,
      "KeyName": "Left",
      "EventType": "KeyUp"
    },
    {
      "Timestamp": 3323,
      "KeyName": "Left",
      "EventType": "KeyDown"
    },
    {
      "Timestamp": 3814,
      "KeyName": "Left",
      "EventType": "KeyDown"
    },
    {
      "Timestamp": 3845,
      "KeyName": "Left",
      "EventType": "KeyDown"
    },
    {
      "Timestamp": 3872,
      "KeyName": "Left",
      "EventType": "KeyDown"
    },
    {
      "Timestamp": 3905,
      "KeyName": "Left",
      "EventType": "KeyDown"
    },
    {
      "Timestamp": 3936,
      "KeyName": "Left",
      "EventType": "KeyDown"
    },
    {
      "Timestamp": 3969,
      "KeyName": "Left",
      "EventType": "KeyDown"
    },
    {
      "Timestamp": 4001,
      "KeyName": "Left",
      "EventType": "KeyDown"
    },
    {
      "Timestamp": 4035,
      "KeyName": "Left",
      "EventType": "KeyDown"
    },
    {
      "Timestamp": 4063,
      "KeyName": "Left",
      "EventType": "KeyDown"
    },
    {
      "Timestamp": 4089,
      "KeyName": "Left",
      "EventType": "KeyDown"
    },
    {
      "Timestamp": 4130,
      "KeyName": "Left",
      "EventType": "KeyDown"
    },
    {
      "Timestamp": 4162,
      "KeyName": "Left",
      "EventType": "KeyDown"
    },
    {
      "Timestamp": 4188,
      "KeyName": "Left",
      "EventType": "KeyDown"
    },
    {
      "Timestamp": 4219,
      "KeyName": "Left",
      "EventType": "KeyDown"
    },
    {
      "Timestamp": 4247,
      "KeyName": "Left",
      "EventType": "KeyDown"
    },
    {
      "Timestamp": 4278,
      "KeyName": "Left",
      "EventType": "KeyDown"
    },
    {
      "Timestamp": 4309,
      "KeyName": "Left",
      "EventType": "KeyDown"
    },
    {
      "Timestamp": 4337,
      "KeyName": "Left",
      "EventType": "KeyDown"
    },
    {
      "Timestamp": 4372,
      "KeyName": "Left",
      "EventType": "KeyDown"
    },
    {
      "Timestamp": 4403,
      "KeyName": "Left",
      "EventType": "KeyDown"
    },
    {
      "Timestamp": 4433,
      "KeyName": "Left",
      "EventType": "KeyDown"
    },
    {
      "Timestamp": 4485,
      "KeyName": "Left",
      "EventType": "KeyUp"
    },
    {
      "Timestamp": 4623,
      "KeyName": "Left",
      "EventType": "KeyDown"
    },
    {
      "Timestamp": 5113,
      "KeyName": "Left",
      "EventType": "KeyDown"
    },
    {
      "Timestamp": 5144,
      "KeyName": "Left",
      "EventType": "KeyDown"
    },
    {
      "Timestamp": 5172,
      "KeyName": "Left",
      "EventType": "KeyDown"
    },
    {
      "Timestamp": 5202,
      "KeyName": "Left",
      "EventType": "KeyDown"
    },
    {
      "Timestamp": 5234,
      "KeyName": "Left",
      "EventType": "KeyDown"
    },
    {
      "Timestamp": 5268,
      "KeyName": "Left",
      "EventType": "KeyDown"
    },
    {
      "Timestamp": 5301,
      "KeyName": "Left",
      "EventType": "KeyDown"
    },
    {
      "Timestamp": 5334,
      "KeyName": "Left",
      "EventType": "KeyDown"
    },
    {
      "Timestamp": 5359,
      "KeyName": "Left",
      "EventType": "KeyDown"
    },
    {
      "Timestamp": 5385,
      "KeyName": "Left",
      "EventType": "KeyDown"
    },
    {
      "Timestamp": 5435,
      "KeyName": "Left",
      "EventType": "KeyDown"
    },
    {
      "Timestamp": 5476,
      "KeyName": "Left",
      "EventType": "KeyUp"
    },
    {
      "Timestamp": 5622,
      "KeyName": "Left",
      "EventType": "KeyDown"
    },
    {
      "Timestamp": 6111,
      "KeyName": "Left",
      "EventType": "KeyDown"
    },
    {
      "Timestamp": 6139,
      "KeyName": "Left",
      "EventType": "KeyDown"
    },
    {
      "Timestamp": 6179,
      "KeyName": "Left",
      "EventType": "KeyDown"
    },
    {
      "Timestamp": 6207,
      "KeyName": "Left",
      "EventType": "KeyDown"
    },
    {
      "Timestamp": 6233,
      "KeyName": "Left",
      "EventType": "KeyDown"
    },
    {
      "Timestamp": 6260,
      "KeyName": "Left",
      "EventType": "KeyDown"
    },
    {
      "Timestamp": 6288,
      "KeyName": "Left",
      "EventType": "KeyDown"
    },
    {
      "Timestamp": 6325,
      "KeyName": "Left",
      "EventType": "KeyDown"
    },
    {
      "Timestamp": 6353,
      "KeyName": "Left",
      "EventType": "KeyDown"
    },
    {
      "Timestamp": 6382,
      "KeyName": "Left",
      "EventType": "KeyDown"
    },
    {
      "Timestamp": 6413,
      "KeyName": "Left",
      "EventType": "KeyDown"
    },
    {
      "Timestamp": 6446,
      "KeyName": "Left",
      "EventType": "KeyDown"
    },
    {
      "Timestamp": 6473,
      "KeyName": "Left",
      "EventType": "KeyDown"
    },
    {
      "Timestamp": 6504,
      "KeyName": "Left",
      "EventType": "KeyDown"
    },
    {
      "Timestamp": 6535,
      "KeyName": "Left",
      "EventType": "KeyDown"
    },
    {
      "Timestamp": 6606,
      "KeyName": "Left",
      "EventType": "KeyUp"
    },
    {
      "Timestamp": 6836,
      "KeyName": "Left",
      "EventType": "KeyDown"
    },
    {
      "Timestamp": 7325,
      "KeyName": "Left",
      "EventType": "KeyDown"
    },
    {
      "Timestamp": 7352,
      "KeyName": "Left",
      "EventType": "KeyDown"
    },
    {
      "Timestamp": 7387,
      "KeyName": "Left",
      "EventType": "KeyDown"
    },
    {
      "Timestamp": 7416,
      "KeyName": "Left",
      "EventType": "KeyDown"
    },
    {
      "Timestamp": 7447,
      "KeyName": "Left",
      "EventType": "KeyDown"
    },
    {
      "Timestamp": 7479,
      "KeyName": "Left",
      "EventType": "KeyDown"
    },
    {
      "Timestamp": 7508,
      "KeyName": "Left",
      "EventType": "KeyDown"
    },
    {
      "Timestamp": 7540,
      "KeyName": "Left",
      "EventType": "KeyDown"
    },
    {
      "Timestamp": 7566,
      "KeyName": "Left",
      "EventType": "KeyDown"
    },
    {
      "Timestamp": 7602,
      "KeyName": "Left",
      "EventType": "KeyDown"
    },
    {
      "Timestamp": 7630,
      "KeyName": "Left",
      "EventType": "KeyDown"
    },
    {
      "Timestamp": 7664,
      "KeyName": "Left",
      "EventType": "KeyDown"
    },
    {
      "Timestamp": 7689,
      "KeyName": "Left",
      "EventType": "KeyDown"
    },
    {
      "Timestamp": 7718,
      "KeyName": "Left",
      "EventType": "KeyDown"
    },
    {
      "Timestamp": 7748,
      "KeyName": "Left",
      "EventType": "KeyDown"
    },
    {
      "Timestamp": 7779,
      "KeyName": "Left",
      "EventType": "KeyDown"
    },
    {
      "Timestamp": 7811,
      "KeyName": "Left",
      "EventType": "KeyDown"
    },
    {
      "Timestamp": 8087,
      "KeyName": "Left",
      "EventType": "KeyDown"
    },
    {
      "Timestamp": 8087,
      "KeyName": "Left",
      "EventType": "KeyUp"
    },
    {
      "Timestamp": 8162,
      "KeyName": "Left",
      "EventType": "KeyDown"
    },
    {
      "Timestamp": 8618,
      "KeyName": "Left",
      "EventType": "KeyDown"
    },
    {
      "Timestamp": 8650,
      "KeyName": "Left",
      "EventType": "KeyDown"
    },
    {
      "Timestamp": 8693,
      "KeyName": "Left",
      "EventType": "KeyDown"
    },
    {
      "Timestamp": 8718,
      "KeyName": "Left",
      "EventType": "KeyDown"
    },
    {
      "Timestamp": 8748,
      "KeyName": "Left",
      "EventType": "KeyDown"
    },
    {
      "Timestamp": 8779,
      "KeyName": "Left",
      "EventType": "KeyDown"
    },
    {
      "Timestamp": 8806,
      "KeyName": "Left",
      "EventType": "KeyDown"
    },
    {
      "Timestamp": 8836,
      "KeyName": "Left",
      "EventType": "KeyDown"
    },
    {
      "Timestamp": 8868,
      "KeyName": "Left",
      "EventType": "KeyDown"
    },
    {
      "Timestamp": 8898,
      "KeyName": "Left",
      "EventType": "KeyDown"
    },
    {
      "Timestamp": 8928,
      "KeyName": "Left",
      "EventType": "KeyDown"
    },
    {
      "Timestamp": 8960,
      "KeyName": "Left",
      "EventType": "KeyDown"
    },
    {
      "Timestamp": 8988,
      "KeyName": "Left",
      "EventType": "KeyDown"
    },
    {
      "Timestamp": 9024,
      "KeyName": "Left",
      "EventType": "KeyDown"
    },
    {
      "Timestamp": 9052,
      "KeyName": "Left",
      "EventType": "KeyDown"
    },
    {
      "Timestamp": 9085,
      "KeyName": "Left",
      "EventType": "KeyDown"
    },
    {
      "Timestamp": 9108,
      "KeyName": "Left",
      "EventType": "KeyDown"
    },
    {
      "Timestamp": 9137,
      "KeyName": "Left",
      "EventType": "KeyDown"
    },
    {
      "Timestamp": 9171,
      "KeyName": "Left",
      "EventType": "KeyDown"
    },
    {
      "Timestamp": 9233,
      "KeyName": "Left",
      "EventType": "KeyUp"
    },
    {
      "Timestamp": 9458,
      "KeyName": "Left",
      "EventType": "KeyDown"
    },
    {
      "Timestamp": 9948,
      "KeyName": "Left",
      "EventType": "KeyDown"
    },
    {
      "Timestamp": 9973,
      "KeyName": "Left",
      "EventType": "KeyDown"
    },
    {
      "Timestamp": 10002,
      "KeyName": "Left",
      "EventType": "KeyDown"
    },
    {
      "Timestamp": 10032,
      "KeyName": "Left",
      "EventType": "KeyDown"
    },
    {
      "Timestamp": 10069,
      "KeyName": "Left",
      "EventType": "KeyDown"
    },
    {
      "Timestamp": 10099,
      "KeyName": "Left",
      "EventType": "KeyDown"
    },
    {
      "Timestamp": 10130,
      "KeyName": "Left",
      "EventType": "KeyDown"
    },
    {
      "Timestamp": 10156,
      "KeyName": "Left",
      "EventType": "KeyDown"
    },
    {
      "Timestamp": 10187,
      "KeyName": "Left",
      "EventType": "KeyDown"
    },
    {
      "Timestamp": 10218,
      "KeyName": "Left",
      "EventType": "KeyDown"
    },
    {
      "Timestamp": 10250,
      "KeyName": "Left",
      "EventType": "KeyDown"
    },
    {
      "Timestamp": 10279,
      "KeyName": "Left",
      "EventType": "KeyDown"
    },
    {
      "Timestamp": 10315,
      "KeyName": "Left",
      "EventType": "KeyDown"
    },
    {
      "Timestamp": 10345,
      "KeyName": "Left",
      "EventType": "KeyDown"
    },
    {
      "Timestamp": 10375,
      "KeyName": "Left",
      "EventType": "KeyDown"
    },
    {
      "Timestamp": 10404,
      "KeyName": "Left",
      "EventType": "KeyDown"
    },
    {
      "Timestamp": 10435,
      "KeyName": "Left",
      "EventType": "KeyDown"
    },
    {
      "Timestamp": 10464,
      "KeyName": "Left",
      "EventType": "KeyDown"
    },
    {
      "Timestamp": 10494,
      "KeyName": "Left",
      "EventType": "KeyDown"
    },
    {
      "Timestamp": 10524,
      "KeyName": "Left",
      "EventType": "KeyDown"
    },
    {
      "Timestamp": 10561,
      "KeyName": "Left",
      "EventType": "KeyDown"
    },
    {
      "Timestamp": 10588,
      "KeyName": "Left",
      "EventType": "KeyDown"
    },
    {
      "Timestamp": 10646,
      "KeyName": "Left",
      "EventType": "KeyUp"
    },
    {
      "Timestamp": 10860,
      "KeyName": "Left",
      "EventType": "KeyDown"
    },
    {
      "Timestamp": 11345,
      "KeyName": "Left",
      "EventType": "KeyDown"
    },
    {
      "Timestamp": 11378,
      "KeyName": "Left",
      "EventType": "KeyDown"
    },
    {
      "Timestamp": 11403,
      "KeyName": "Left",
      "EventType": "KeyDown"
    },
    {
      "Timestamp": 11436,
      "KeyName": "Left",
      "EventType": "KeyDown"
    },
    {
      "Timestamp": 11469,
      "KeyName": "Left",
      "EventType": "KeyDown"
    },
    {
      "Timestamp": 11494,
      "KeyName": "Left",
      "EventType": "KeyDown"
    },
    {
      "Timestamp": 11525,
      "KeyName": "Left",
      "EventType": "KeyDown"
    },
    {
      "Timestamp": 11555,
      "KeyName": "Left",
      "EventType": "KeyDown"
    },
    {
      "Timestamp": 11583,
      "KeyName": "Left",
      "EventType": "KeyDown"
    },
    {
      "Timestamp": 11616,
      "KeyName": "Left",
      "EventType": "KeyDown"
    },
    {
      "Timestamp": 11646,
      "KeyName": "Left",
      "EventType": "KeyDown"
    },
    {
      "Timestamp": 11678,
      "KeyName": "Left",
      "EventType": "KeyDown"
    },
    {
      "Timestamp": 11710,
      "KeyName": "Left",
      "EventType": "KeyDown"
    },
    {
      "Timestamp": 11738,
      "KeyName": "Left",
      "EventType": "KeyDown"
    },
    {
      "Timestamp": 11771,
      "KeyName": "Left",
      "EventType": "KeyDown"
    },
    {
      "Timestamp": 11799,
      "KeyName": "Left",
      "EventType": "KeyDown"
    },
    {
      "Timestamp": 11833,
      "KeyName": "Left",
      "EventType": "KeyDown"
    },
    {
      "Timestamp": 11863,
      "KeyName": "Left",
      "EventType": "KeyDown"
    },
    {
      "Timestamp": 11895,
      "KeyName": "Left",
      "EventType": "KeyDown"
    },
    {
      "Timestamp": 11920,
      "KeyName": "Left",
      "EventType": "KeyDown"
    },
    {
      "Timestamp": 11972,
      "KeyName": "Left",
      "EventType": "KeyUp"
    },
    {
      "Timestamp": 12229,
      "KeyName": "Left",
      "EventType": "KeyDown"
    },
    {
      "Timestamp": 12717,
      "KeyName": "Left",
      "EventType": "KeyDown"
    },
    {
      "Timestamp": 12756,
      "KeyName": "Left",
      "EventType": "KeyDown"
    },
    {
      "Timestamp": 12788,
      "KeyName": "Left",
      "EventType": "KeyDown"
    },
    {
      "Timestamp": 12816,
      "KeyName": "Left",
      "EventType": "KeyDown"
    },
    {
      "Timestamp": 12847,
      "KeyName": "Left",
      "EventType": "KeyDown"
    },
    {
      "Timestamp": 12879,
      "KeyName": "Left",
      "EventType": "KeyDown"
    },
    {
      "Timestamp": 12916,
      "KeyName": "Left",
      "EventType": "KeyDown"
    },
    {
      "Timestamp": 12945,
      "KeyName": "Left",
      "EventType": "KeyDown"
    },
    {
      "Timestamp": 12980,
      "KeyName": "Left",
      "EventType": "KeyDown"
    },
    {
      "Timestamp": 13007,
      "KeyName": "Left",
      "EventType": "KeyDown"
    },
    {
      "Timestamp": 13036,
      "KeyName": "Left",
      "EventType": "KeyDown"
    },
    {
      "Timestamp": 13068,
      "KeyName": "Left",
      "EventType": "KeyDown"
    },
    {
      "Timestamp": 13098,
      "KeyName": "Left",
      "EventType": "KeyDown"
    },
    {
      "Timestamp": 13123,
      "KeyName": "Left",
      "EventType": "KeyDown"
    },
    {
      "Timestamp": 13166,
      "KeyName": "Left",
      "EventType": "KeyDown"
    },
    {
      "Timestamp": 13189,
      "KeyName": "Left",
      "EventType": "KeyDown"
    },
    {
      "Timestamp": 13218,
      "KeyName": "Left",
      "EventType": "KeyDown"
    },
    {
      "Timestamp": 13248,
      "KeyName": "Left",
      "EventType": "KeyDown"
    },
    {
      "Timestamp": 13279,
      "KeyName": "Left",
      "EventType": "KeyDown"
    },
    {
      "Timestamp": 13311,
      "KeyName": "Left",
      "EventType": "KeyDown"
    },
    {
      "Timestamp": 13342,
      "KeyName": "Left",
      "EventType": "KeyDown"
    },
    {
      "Timestamp": 13376,
      "KeyName": "Left",
      "EventType": "KeyUp"
    },
    {
      "Timestamp": 13587,
      "KeyName": "Left",
      "EventType": "KeyDown"
    },
    {
      "Timestamp": 14077,
      "KeyName": "Left",
      "EventType": "KeyDown"
    },
    {
      "Timestamp": 14104,
      "KeyName": "Left",
      "EventType": "KeyDown"
    },
    {
      "Timestamp": 14139,
      "KeyName": "Left",
      "EventType": "KeyDown"
    },
    {
      "Timestamp": 14171,
      "KeyName": "Left",
      "EventType": "KeyDown"
    },
    {
      "Timestamp": 14202,
      "KeyName": "Left",
      "EventType": "KeyDown"
    },
    {
      "Timestamp": 14231,
      "KeyName": "Left",
      "EventType": "KeyDown"
    },
    {
      "Timestamp": 14262,
      "KeyName": "Left",
      "EventType": "KeyDown"
    },
    {
      "Timestamp": 14291,
      "KeyName": "Left",
      "EventType": "KeyDown"
    },
    {
      "Timestamp": 14319,
      "KeyName": "Left",
      "EventType": "KeyDown"
    },
    {
      "Timestamp": 14350,
      "KeyName": "Left",
      "EventType": "KeyDown"
    },
    {
      "Timestamp": 14383,
      "KeyName": "Left",
      "EventType": "KeyDown"
    },
    {
      "Timestamp": 14416,
      "KeyName": "Left",
      "EventType": "KeyDown"
    },
    {
      "Timestamp": 14444,
      "KeyName": "Left",
      "EventType": "KeyDown"
    },
    {
      "Timestamp": 14473,
      "KeyName": "Left",
      "EventType": "KeyDown"
    },
    {
      "Timestamp": 14503,
      "KeyName": "Left",
      "EventType": "KeyDown"
    },
    {
      "Timestamp": 14537,
      "KeyName": "Left",
      "EventType": "KeyDown"
    },
    {
      "Timestamp": 14564,
      "KeyName": "Left",
      "EventType": "KeyDown"
    },
    {
      "Timestamp": 14597,
      "KeyName": "Left",
      "EventType": "KeyDown"
    },
    {
      "Timestamp": 14635,
      "KeyName": "Left",
      "EventType": "KeyDown"
    },
    {
      "Timestamp": 14657,
      "KeyName": "Left",
      "EventType": "KeyDown"
    },
    {
      "Timestamp": 14686,
      "KeyName": "Left",
      "EventType": "KeyDown"
    },
    {
      "Timestamp": 14719,
      "KeyName": "Left",
      "EventType": "KeyDown"
    },
    {
      "Timestamp": 14758,
      "KeyName": "Left",
      "EventType": "KeyUp"
    },
    {
      "Timestamp": 15014,
      "KeyName": "Left",
      "EventType": "KeyDown"
    },
    {
      "Timestamp": 15501,
      "KeyName": "Left",
      "EventType": "KeyDown"
    },
    {
      "Timestamp": 15532,
      "KeyName": "Left",
      "EventType": "KeyDown"
    },
    {
      "Timestamp": 15562,
      "KeyName": "Left",
      "EventType": "KeyDown"
    },
    {
      "Timestamp": 15594,
      "KeyName": "Left",
      "EventType": "KeyDown"
    },
    {
      "Timestamp": 15623,
      "KeyName": "Left",
      "EventType": "KeyDown"
    },
    {
      "Timestamp": 15654,
      "KeyName": "Left",
      "EventType": "KeyDown"
    },
    {
      "Timestamp": 15688,
      "KeyName": "Left",
      "EventType": "KeyDown"
    },
    {
      "Timestamp": 15721,
      "KeyName": "Left",
      "EventType": "KeyDown"
    },
    {
      "Timestamp": 15748,
      "KeyName": "Left",
      "EventType": "KeyDown"
    },
    {
      "Timestamp": 15778,
      "KeyName": "Left",
      "EventType": "KeyDown"
    },
    {
      "Timestamp": 15811,
      "KeyName": "Left",
      "EventType": "KeyDown"
    },
    {
      "Timestamp": 15852,
      "KeyName": "Left",
      "EventType": "KeyDown"
    },
    {
      "Timestamp": 15877,
      "KeyName": "Left",
      "EventType": "KeyDown"
    },
    {
      "Timestamp": 15908,
      "KeyName": "Left",
      "EventType": "KeyDown"
    },
    {
      "Timestamp": 15943,
      "KeyName": "Left",
      "EventType": "KeyDown"
    },
    {
      "Timestamp": 15974,
      "KeyName": "Left",
      "EventType": "KeyDown"
    },
    {
      "Timestamp": 15999,
      "KeyName": "Left",
      "EventType": "KeyDown"
    },
    {
      "Timestamp": 16028,
      "KeyName": "Left",
      "EventType": "KeyDown"
    },
    {
      "Timestamp": 16054,
      "KeyName": "Left",
      "EventType": "KeyDown"
    },
    {
      "Timestamp": 16091,
      "KeyName": "Left",
      "EventType": "KeyDown"
    },
    {
      "Timestamp": 16118,
      "KeyName": "Left",
      "EventType": "KeyDown"
    },
    {
      "Timestamp": 16152,
      "KeyName": "Left",
      "EventType": "KeyDown"
    },
    {
      "Timestamp": 16179,
      "KeyName": "Left",
      "EventType": "KeyDown"
    },
    {
      "Timestamp": 16210,
      "KeyName": "Left",
      "EventType": "KeyDown"
    },
    {
      "Timestamp": 16273,
      "KeyName": "Left",
      "EventType": "KeyUp"
    },
    {
      "Timestamp": 16506,
      "KeyName": "Left",
      "EventType": "KeyDown"
    },
    {
      "Timestamp": 16999,
      "KeyName": "Left",
      "EventType": "KeyDown"
    },
    {
      "Timestamp": 17030,
      "KeyName": "Left",
      "EventType": "KeyDown"
    },
    {
      "Timestamp": 17067,
      "KeyName": "Left",
      "EventType": "KeyDown"
    },
    {
      "Timestamp": 17097,
      "KeyName": "Left",
      "EventType": "KeyDown"
    },
    {
      "Timestamp": 17124,
      "KeyName": "Left",
      "EventType": "KeyDown"
    },
    {
      "Timestamp": 17154,
      "KeyName": "Left",
      "EventType": "KeyDown"
    },
    {
      "Timestamp": 17185,
      "KeyName": "Left",
      "EventType": "KeyDown"
    },
    {
      "Timestamp": 17217,
      "KeyName": "Left",
      "EventType": "KeyDown"
    },
    {
      "Timestamp": 17246,
      "KeyName": "Left",
      "EventType": "KeyDown"
    },
    {
      "Timestamp": 17280,
      "KeyName": "Left",
      "EventType": "KeyDown"
    },
    {
      "Timestamp": 17315,
      "KeyName": "Left",
      "EventType": "KeyDown"
    },
    {
      "Timestamp": 17343,
      "KeyName": "Left",
      "EventType": "KeyDown"
    },
    {
      "Timestamp": 17374,
      "KeyName": "Left",
      "EventType": "KeyDown"
    },
    {
      "Timestamp": 17409,
      "KeyName": "Left",
      "EventType": "KeyDown"
    },
    {
      "Timestamp": 17433,
      "KeyName": "Left",
      "EventType": "KeyDown"
    },
    {
      "Timestamp": 17464,
      "KeyName": "Left",
      "EventType": "KeyDown"
    },
    {
      "Timestamp": 17495,
      "KeyName": "Left",
      "EventType": "KeyDown"
    },
    {
      "Timestamp": 17522,
      "KeyName": "Left",
      "EventType": "KeyDown"
    },
    {
      "Timestamp": 17562,
      "KeyName": "Left",
      "EventType": "KeyDown"
    },
    {
      "Timestamp": 17588,
      "KeyName": "Left",
      "EventType": "KeyDown"
    },
    {
      "Timestamp": 17619,
      "KeyName": "Left",
      "EventType": "KeyDown"
    },
    {
      "Timestamp": 17650,
      "KeyName": "Left",
      "EventType": "KeyDown"
    },
    {
      "Timestamp": 17686,
      "KeyName": "Left",
      "EventType": "KeyUp"
    },
    {
      "Timestamp": 18137,
      "KeyName": "Left",
      "EventType": "KeyDown"
    },
    {
      "Timestamp": 18629,
      "KeyName": "Left",
      "EventType": "KeyDown"
    },
    {
      "Timestamp": 18656,
      "KeyName": "Left",
      "EventType": "KeyDown"
    },
    {
      "Timestamp": 18697,
      "KeyName": "Left",
      "EventType": "KeyDown"
    },
    {
      "Timestamp": 18717,
      "KeyName": "Left",
      "EventType": "KeyDown"
    },
    {
      "Timestamp": 18747,
      "KeyName": "Left",
      "EventType": "KeyDown"
    },
    {
      "Timestamp": 18779,
      "KeyName": "Left",
      "EventType": "KeyDown"
    },
    {
      "Timestamp": 18806,
      "KeyName": "Left",
      "EventType": "KeyDown"
    },
    {
      "Timestamp": 18842,
      "KeyName": "Left",
      "EventType": "KeyDown"
    },
    {
      "Timestamp": 18867,
      "KeyName": "Left",
      "EventType": "KeyDown"
    },
    {
      "Timestamp": 18898,
      "KeyName": "Left",
      "EventType": "KeyDown"
    },
    {
      "Timestamp": 18934,
      "KeyName": "Left",
      "EventType": "KeyDown"
    },
    {
      "Timestamp": 18955,
      "KeyName": "Left",
      "EventType": "KeyDown"
    },
    {
      "Timestamp": 18985,
      "KeyName": "Left",
      "EventType": "KeyDown"
    },
    {
      "Timestamp": 19020,
      "KeyName": "Left",
      "EventType": "KeyDown"
    },
    {
      "Timestamp": 19049,
      "KeyName": "Left",
      "EventType": "KeyDown"
    },
    {
      "Timestamp": 19084,
      "KeyName": "Left",
      "EventType": "KeyDown"
    },
    {
      "Timestamp": 19110,
      "KeyName": "Left",
      "EventType": "KeyDown"
    },
    {
      "Timestamp": 19141,
      "KeyName": "Left",
      "EventType": "KeyDown"
    },
    {
      "Timestamp": 19168,
      "KeyName": "Left",
      "EventType": "KeyDown"
    },
    {
      "Timestamp": 19197,
      "KeyName": "Left",
      "EventType": "KeyDown"
    },
    {
      "Timestamp": 19235,
      "KeyName": "Left",
      "EventType": "KeyUp"
    },
    {
      "Timestamp": 19563,
      "KeyName": "Left",
      "EventType": "KeyDown"
    },
    {
      "Timestamp": 20050,
      "KeyName": "Left",
      "EventType": "KeyDown"
    },
    {
      "Timestamp": 20081,
      "KeyName": "Left",
      "EventType": "KeyDown"
    },
    {
      "Timestamp": 20112,
      "KeyName": "Left",
      "EventType": "KeyDown"
    },
    {
      "Timestamp": 20143,
      "KeyName": "Left",
      "EventType": "KeyDown"
    },
    {
      "Timestamp": 20172,
      "KeyName": "Left",
      "EventType": "KeyDown"
    },
    {
      "Timestamp": 20205,
      "KeyName": "Left",
      "EventType": "KeyDown"
    },
    {
      "Timestamp": 20237,
      "KeyName": "Left",
      "EventType": "KeyDown"
    },
    {
      "Timestamp": 20263,
      "KeyName": "Left",
      "EventType": "KeyDown"
    },
    {
      "Timestamp": 20290,
      "KeyName": "Left",
      "EventType": "KeyDown"
    },
    {
      "Timestamp": 20331,
      "KeyName": "Left",
      "EventType": "KeyDown"
    },
    {
      "Timestamp": 20354,
      "KeyName": "Left",
      "EventType": "KeyDown"
    },
    {
      "Timestamp": 20383,
      "KeyName": "Left",
      "EventType": "KeyDown"
    },
    {
      "Timestamp": 20414,
      "KeyName": "Left",
      "EventType": "KeyDown"
    },
    {
      "Timestamp": 20444,
      "KeyName": "Left",
      "EventType": "KeyDown"
    },
    {
      "Timestamp": 20477,
      "KeyName": "Left",
      "EventType": "KeyDown"
    },
    {
      "Timestamp": 20510,
      "KeyName": "Left",
      "EventType": "KeyDown"
    },
    {
      "Timestamp": 20535,
      "KeyName": "Left",
      "EventType": "KeyDown"
    },
    {
      "Timestamp": 20572,
      "KeyName": "Left",
      "EventType": "KeyDown"
    },
    {
      "Timestamp": 20606,
      "KeyName": "Left",
      "EventType": "KeyDown"
    },
    {
      "Timestamp": 20635,
      "KeyName": "Left",
      "EventType": "KeyDown"
    },
    {
      "Timestamp": 20670,
      "KeyName": "Left",
      "EventType": "KeyDown"
    },
    {
      "Timestamp": 20694,
      "KeyName": "Left",
      "EventType": "KeyDown"
    },
    {
      "Timestamp": 20732,
      "KeyName": "Left",
      "EventType": "KeyDown"
    },
    {
      "Timestamp": 20760,
      "KeyName": "Left",
      "EventType": "KeyDown"
    },
    {
      "Timestamp": 20790,
      "KeyName": "Left",
      "EventType": "KeyDown"
    },
    {
      "Timestamp": 20818,
      "KeyName": "Left",
      "EventType": "KeyDown"
    },
    {
      "Timestamp": 20856,
      "KeyName": "Left",
      "EventType": "KeyDown"
    },
    {
      "Timestamp": 20880,
      "KeyName": "Left",
      "EventType": "KeyDown"
    },
    {
      "Timestamp": 20910,
      "KeyName": "Left",
      "EventType": "KeyDown"
    },
    {
      "Timestamp": 20939,
      "KeyName": "Left",
      "EventType": "KeyDown"
    },
    {
      "Timestamp": 20974,
      "KeyName": "Left",
      "EventType": "KeyDown"
    },
    {
      "Timestamp": 21003,
      "KeyName": "Left",
      "EventType": "KeyDown"
    },
    {
      "Timestamp": 21047,
      "KeyName": "Left",
      "EventType": "KeyDown"
    },
    {
      "Timestamp": 21068,
      "KeyName": "Left",
      "EventType": "KeyDown"
    },
    {
      "Timestamp": 21097,
      "KeyName": "Left",
      "EventType": "KeyDown"
    },
    {
      "Timestamp": 21124,
      "KeyName": "Left",
      "EventType": "KeyDown"
    },
    {
      "Timestamp": 21153,
      "KeyName": "Left",
      "EventType": "KeyDown"
    },
    {
      "Timestamp": 21187,
      "KeyName": "Left",
      "EventType": "KeyDown"
    },
    {
      "Timestamp": 21236,
      "KeyName": "Left",
      "EventType": "KeyUp"
    },
    {
      "Timestamp": 21387,
      "KeyName": "Left",
      "EventType": "KeyDown"
    },
    {
      "Timestamp": 21936,
      "KeyName": "Left",
      "EventType": "KeyUp"
    },
    {
      "Timestamp": 22300,
      "KeyName": "1",
      "EventType": "KeyDown"
    },
    {
      "Timestamp": 22350,
      "KeyName": "1",
      "EventType": "KeyUp"
    }
  ],
  "LoopType": "TillLoopNumber",
  "LoopNumber": 1,
  "LoopTime": 0,
  "LoopInterval": 0,
  "Acceleration": 1,
  "PlayOnStart": false,
  "DonotShowWindowOnFinish": false,
  "RestartPlayer": false,
  "RestartPlayerAfterMinutes": 60,
  "ShortCut": "",
  "UserName": "",
  "MacroId": ""
}