{
  "TimeCreated": "20210124T004346",
  "Name": "Campaign.Map.Kaerok",
  "Events": [
    {
      "Timestamp": 1164,
      "KeyName": "Alt",
      "EventType": "KeyDown"
    },
    {
      "Timestamp": 1655,
      "KeyName": "Alt",
      "EventType": "KeyDown"
    },
    {
      "Timestamp": 1689,
      "KeyName": "Alt",
      "EventType": "KeyDown"
    },
    {
      "Timestamp": 1714,
      "KeyName": "Alt",
      "EventType": "KeyDown"
    },
    {
      "Timestamp": 1743,
      "KeyName": "Alt",
      "EventType": "KeyDown"
    },
    {
      "Timestamp": 1773,
      "KeyName": "Alt",
      "EventType": "KeyDown"
    },
    {
      "Timestamp": 1811,
      "KeyName": "Alt",
      "EventType": "KeyDown"
    },
    {
      "Timestamp": 1838,
      "KeyName": "Alt",
      "EventType": "KeyDown"
    },
    {
      "Timestamp": 1868,
      "KeyName": "Alt",
      "EventType": "KeyDown"
    },
    {
      "Timestamp": 1897,
      "KeyName": "Alt",
      "EventType": "KeyDown"
    },
    {
      "Timestamp": 1926,
      "KeyName": "Alt",
      "EventType": "KeyDown"
    },
    {
      "Timestamp": 1960,
      "KeyName": "Alt",
      "EventType": "KeyDown"
    },
    {
      "Timestamp": 1990,
      "KeyName": "Alt",
      "EventType": "KeyDown"
    },
    {
      "Timestamp": 2007,
      "KeyName": "1",
      "EventType": "KeyDown"
    },
    {
      "Timestamp": 2165,
      "KeyName": "1",
      "EventType": "KeyUp"
    },
    {
      "Timestamp": 2431,
      "KeyName": "Alt",
      "EventType": "KeyUp"
    }
  ],
  "LoopType": "TillLoopNumber",
  "LoopNumber": 1,
  "LoopTime": 0,
  "LoopInterval": 0,
  "Acceleration": 1,
  "PlayOnStart": false,
  "DonotShowWindowOnFinish": false,
  "RestartPlayer": false,
  "RestartPlayerAfterMinutes": 60,
  "ShortCut": "",
  "UserName": "",
  "MacroId": ""
}