{
  "TimeCreated": "20210124T004346",
  "Name": "Potion.Void.Greater",
  "Events": [
    {
      "Timestamp": 746,
      "KeyName": "Shift",
      "EventType": "KeyDown"
    },
    {
      "Timestamp": 751,
      "KeyName": "Shift",
      "EventType": "KeyDown"
    },
    {
      "Timestamp": 1098,
      "KeyName": "2",
      "EventType": "KeyDown"
    },
    {
      "Timestamp": 1330,
      "KeyName": "2",
      "EventType": "KeyUp"
    },
    {
      "Timestamp": 1634,
      "KeyName": "Shift",
      "EventType": "KeyUp"
    },
    {
      "Timestamp": 1635,
      "KeyName": "Shift",
      "EventType": "KeyUp"
    }
  ],
  "LoopType": "TillLoopNumber",
  "LoopNumber": 1,
  "LoopTime": 0,
  "LoopInterval": 0,
  "Acceleration": 1,
  "PlayOnStart": false,
  "DonotShowWindowOnFinish": false,
  "RestartPlayer": false,
  "RestartPlayerAfterMinutes": 60,
  "ShortCut": "",
  "UserName": "",
  "MacroId": ""
}