{
  "TimeCreated": "20210124T004346",
  "Name": "Potion.Mix",
  "Events": [
    {
      "Timestamp": 500,
      "KeyName": "E",
      "EventType": "KeyDown"
    },
    {
      "Timestamp": 600,
      "KeyName": "E",
      "EventType": "KeyUp"
    },
    {
      "Timestamp": 1000,
      "KeyName": "Alt",
      "EventType": "KeyDown"
    },
    {
      "Timestamp": 1100,
      "KeyName": "E",
      "EventType": "KeyDown"
    },
    {
      "Timestamp": 1200,
      "KeyName": "E",
      "EventType": "KeyUp"
    },
    {
      "Timestamp": 1300,
      "KeyName": "Alt",
      "EventType": "KeyUp"
    }
  ],
  "LoopType": "TillLoopNumber",
  "LoopNumber": 1,
  "LoopTime": 0,
  "LoopInterval": 0,
  "Acceleration": 1,
  "PlayOnStart": false,
  "DonotShowWindowOnFinish": false,
  "RestartPlayer": false,
  "RestartPlayerAfterMinutes": 60,
  "ShortCut": "",
  "UserName": "",
  "MacroId": ""
}