{
  "TimeCreated": "20210123T135951",
  "Name": "Action.Repeat.Fight7BrutalFoodBattles",
  "MergedMacroConfigurations": [
    {
      "MacrosToRun": [
        "Action.Fight.7BrutalCampaignBoss"
      ],
      "LoopCount": 1,
      "LoopInterval": 0,
      "DelayNextScript": 0,
      "Acceleration": 1.0
    },
    {
      "MacrosToRun": [
        "Wait.10Sec"
      ],
      "LoopCount": 1,
      "LoopInterval": 0,
      "DelayNextScript": 0,
      "Acceleration": 1.0
    }
  ],
  "LoopType": "UntilStopped",
  "LoopNumber": 1,
  "LoopTime": 0,
  "LoopInterval": 0,
  "Acceleration": 1.0,
  "PlayOnStart": false,
  "DonotShowWindowOnFinish": false,
  "RestartPlayer": false,
  "RestartPlayerAfterMinutes": 60,
  "ShortCut": "",
  "UserName": "",
  "MacroId": ""
}