{
  "TimeCreated": "20210118T095750",
  "Name": "Arena.Select4",
  "Events": [
    {
      "Timestamp": 500,
      "KeyName": "8",
      "EventType": "KeyDown"
    },
    {
      "Timestamp": 550,
      "KeyName": "R",
      "EventType": "KeyDown"
    },{
      "Timestamp": 600,
      "KeyName": "R",
      "EventType": "KeyUp"
    },
    {
      "Timestamp": 650,
      "KeyName": "8",
      "EventType": "KeyUp"
    }
  ],
  "LoopType": "TillLoopNumber",
  "LoopNumber": 1,
  "LoopTime": 0,
  "LoopInterval": 0,
  "Acceleration": 1,
  "PlayOnStart": false,
  "DonotShowWindowOnFinish": false,
  "RestartPlayer": false,
  "RestartPlayerAfterMinutes": 60,
  "ShortCut": "",
  "UserName": "",
  "MacroId": ""
}