{
    "TimeCreated": "20210121T160911",
    "Name": "Key.5O",
    "Events": [
        {
            "Timestamp": 500,
            "KeyName": "5",
            "EventType": "KeyDown"
        },
        {
            "Timestamp": 600,
            "KeyName": "O",
            "EventType": "KeyDown"
        },
        {
            "Timestamp": 700,
            "KeyName": "O",
            "EventType": "KeyUp"
        },
        {
            "Timestamp": 800,
            "KeyName": "5",
            "EventType": "KeyUp"
        }
    ],
    "LoopType": "TillLoopNumber",
    "LoopNumber": 1,
    "LoopTime": 0,
    "LoopInterval": 0,
    "Acceleration": 1,
    "PlayOnStart": false,
    "DonotShowWindowOnFinish": false,
    "RestartPlayer": false,
    "RestartPlayerAfterMinutes": 60,
    "ShortCut": "",
    "UserName": "",
    "MacroId": ""
}