{
  "TimeCreated": "20210118T095750",
  "Name": "UpgradeN.Exit",
  "Events": [
    {
      "Timestamp": 1673,
      "KeyName": "Esc",
      "EventType": "KeyDown"
    },
    {
      "Timestamp": 1883,
      "KeyName": "Esc",
      "EventType": "KeyUp"
    },
    {
      "Timestamp": 7268,
      "KeyName": "Alt",
      "EventType": "KeyDown"
    },
    {
      "Timestamp": 7762,
      "KeyName": "Oem1",
      "EventType": "KeyDown"
    },
    {
      "Timestamp": 7959,
      "KeyName": "Oem1",
      "EventType": "KeyUp"
    },
    {
      "Timestamp": 8268,
      "KeyName": "Alt",
      "EventType": "KeyUp"
    }
  ],
  "LoopType": "TillLoopNumber",
  "LoopNumber": 1,
  "LoopTime": 0,
  "LoopInterval": 0,
  "Acceleration": 1,
  "PlayOnStart": false,
  "DonotShowWindowOnFinish": false,
  "RestartPlayer": false,
  "RestartPlayerAfterMinutes": 60,
  "ShortCut": "",
  "UserName": "",
  "MacroId": ""
}